rank,solved,last_solved
1,581,(jaehyunp) last solved a problem 4 days ago
2,412,hongraejo last solved a problem 1548 days ago
3,330,ainu7 last solved a problem 866 days ago
4,330,shinminseon last solved a problem 14 days ago
5,311,sungmin817 last solved a problem 52 days ago
6,310,allenjeon last solved a problem within the past day
7,307,(ssk) last solved a problem 809 days ago
8,262,emppu last solved a problem 85 days ago
9,261,(sunleonid) last solved a problem 1466 days ago
10,257,kcm1700 last solved a problem 1234 days ago
11,243,thkang last solved a problem 1714 days ago
12,238,JiminP last solved a problem 1373 days ago
13,235,muse last solved a problem 137 days ago
14,234,noxnia last solved a problem 453 days ago
15,232,Bubbler last solved a problem 283 days ago
16,230,kanie last solved a problem 407 days ago
17,228,Baekjoon last solved a problem 733 days ago
18,220,Doju last solved a problem 267 days ago
19,218,ipkn last solved a problem 1244 days ago
20,210,communia last solved a problem 1664 days ago
21,209,zlzmsrhak last solved a problem 164 days ago
22,208,Iris_harp last solved a problem 2314 days ago
23,206,petdrow last solved a problem 457 days ago
24,205,(lakshimi) last solved a problem 612 days ago
25,204,sharb last solved a problem 2745 days ago
26,202,l10veu last solved a problem 2522 days ago
27,201,changrak last solved a problem 272 days ago
28,199,00 last solved a problem 1400 days ago
29,199,jjhangu2 last solved a problem 701 days ago
30,193,stenhammar last solved a problem 3448 days ago
31,193,eyTns last solved a problem 506 days ago
32,193,svchost.exe last solved a problem 133 days ago
33,189,uws8505 last solved a problem 3322 days ago
34,188,(mecatos95d) last solved a problem 1016 days ago
35,186,bumsook last solved a problem 81 days ago
36,184,veshboo last solved a problem 140 days ago
37,181,udaque last solved a problem 1565 days ago
38,178,(wooyekim) last solved a problem 1882 days ago
39,177,skim0119 last solved a problem within the past day
40,176,optimizerjerry last solved a problem 2931 days ago
41,176,p.istrati last solved a problem 1826 days ago
42,170,Breakun last solved a problem 1264 days ago
43,168,alexum last solved a problem within the past day
44,165,lem last solved a problem 1387 days ago
45,164,ddaker last solved a problem 2464 days ago
46,164,Unused last solved a problem 427 days ago
47,162,jh05013 last solved a problem 44 days ago
48,161,Teferi last solved a problem 2981 days ago
49,160,gok01172 last solved a problem 2687 days ago
50,160,yongwhan last solved a problem 1100 days ago
51,158,kimrip last solved a problem 969 days ago
52,157,choyb last solved a problem 3031 days ago
53,157,pjsdream last solved a problem 1079 days ago
54,157,zhuny last solved a problem 255 days ago
55,157,Frizzle last solved a problem 241 days ago
56,156,dalpaeng2 last solved a problem 990 days ago
57,153,(j1wan) last solved a problem 679 days ago
58,152,Jungkeun last solved a problem 730 days ago
59,149,hillcanon last solved a problem 239 days ago
60,147,kjw0612 last solved a problem 3131 days ago
61,142,absenty last solved a problem 2862 days ago
62,141,veblush last solved a problem 1926 days ago
63,141,tjfktj last solved a problem 764 days ago
64,141,cfranck last solved a problem within the past day
65,140,larez last solved a problem 553 days ago
66,140,kyumyonglee last solved a problem 532 days ago
67,137,ychoi100 last solved a problem 1359 days ago
68,134,(juncoder) last solved a problem 1014 days ago
69,133,Kyoseon last solved a problem 2893 days ago
70,132,yadi0119 last solved a problem 1611 days ago
71,132,HeeM last solved a problem 467 days ago
72,131,kgw0507 last solved a problem 2549 days ago
73,131,hij8765 last solved a problem 1514 days ago
74,131,colorized last solved a problem 477 days ago
75,130,(sy0414) last solved a problem 707 days ago
76,130,Sait2000 last solved a problem 11 days ago
77,129,bam8695 last solved a problem 1044 days ago
78,128,hoo last solved a problem 2263 days ago
79,128,gsm291 last solved a problem 2180 days ago
80,127,sehee382 last solved a problem 2595 days ago
81,127,kazel last solved a problem 1245 days ago
82,125,rein01 last solved a problem 3285 days ago
83,125,frigen last solved a problem 1759 days ago
84,125,go_to_dmc last solved a problem 676 days ago
85,124,dareun.geum last solved a problem 120 days ago
86,123,daewonyoon last solved a problem 827 days ago
87,122,lifthrasiir last solved a problem 2395 days ago
88,121,(kth3321) last solved a problem 2244 days ago
89,118,(chiwook) last solved a problem 2020 days ago
90,117,kheled last solved a problem 2908 days ago
91,117,sutekine last solved a problem 2109 days ago
92,117,J.H.M. last solved a problem 56 days ago
93,116,EnDorphin last solved a problem 2042 days ago
94,116,(Byungwoo.Jeon) last solved a problem 208 days ago
95,116,daegeon last solved a problem 5 days ago
96,114,kyduke last solved a problem 148 days ago
97,112,DG last solved a problem 3162 days ago
98,111,falsetru last solved a problem 2931 days ago
99,111,yangbak last solved a problem 2031 days ago
100,110,neurome last solved a problem 1495 days ago
101,110,tpzcln last solved a problem 1318 days ago
102,110,insikk last solved a problem 1168 days ago
103,110,Abalcon last solved a problem 1043 days ago
104,109,Ainodyne last solved a problem 580 days ago
105,108,astein last solved a problem 321 days ago
106,107,teddywith last solved a problem 3096 days ago
107,107,PhoBiA last solved a problem 1171 days ago
108,107,hongsch1 last solved a problem 216 days ago
109,106,xenosoz last solved a problem 2208 days ago
110,106,cdg720 last solved a problem 1984 days ago
111,106,4135667 last solved a problem 652 days ago
112,106,ntalbs last solved a problem 278 days ago
113,105,panda last solved a problem 1499 days ago
114,105,(pse1202) last solved a problem 782 days ago
115,104,ehooizlo last solved a problem 1517 days ago
116,104,keugbang last solved a problem 319 days ago
117,103,dlimpid last solved a problem 2586 days ago
118,102,bosscq last solved a problem 1006 days ago
119,102,whitehwarang last solved a problem 261 days ago
120,101,libe last solved a problem 2052 days ago
121,100,joinsung last solved a problem 3647 days ago
122,100,sim0629 last solved a problem 2684 days ago
123,100,nullstein last solved a problem 2436 days ago
124,100,(kparkeuler) last solved a problem 20 days ago
125,99,(dalgu) last solved a problem 19 days ago
126,98,ewmkkpe last solved a problem 2203 days ago
127,98,(ensual) last solved a problem 2050 days ago
128,97,kiyohwan last solved a problem 1540 days ago
129,97,younghan last solved a problem 257 days ago
130,96,KimHoSik last solved a problem 3268 days ago
131,96,sangpaz last solved a problem 855 days ago
132,96,helicity last solved a problem 155 days ago
133,96,friend1226 last solved a problem 142 days ago
134,95,(123harim) last solved a problem 1127 days ago
135,95,dotorya last solved a problem 384 days ago
136,94,rai last solved a problem 2401 days ago
137,94,hwijung last solved a problem 477 days ago
138,93,desti last solved a problem 1960 days ago
139,91,king--kong last solved a problem 570 days ago
140,90,struessel last solved a problem 2013 days ago
141,90,epjs0126 last solved a problem 1936 days ago
142,89,hitel00000 last solved a problem 3526 days ago
143,89,skxmremd last solved a problem 1563 days ago
144,88,techshare last solved a problem 2210 days ago
145,88,laputan last solved a problem 2198 days ago
146,88,nineclue last solved a problem 150 days ago
147,87,pkim last solved a problem 3318 days ago
148,87,marocchino last solved a problem 3079 days ago
149,87,purluno last solved a problem 3004 days ago
150,87,junwhan last solved a problem 2425 days ago
151,87,wonyoung last solved a problem 1583 days ago
152,87,sanhalee last solved a problem 1505 days ago
153,87,thechaos16 last solved a problem 860 days ago
154,86,KAKaMK last solved a problem 3090 days ago
155,86,gs13068 last solved a problem 1519 days ago
156,86,(hodduc) last solved a problem 385 days ago
157,85,chokobole last solved a problem 3392 days ago
158,85,kivol last solved a problem 3275 days ago
159,85,chattee last solved a problem 421 days ago
160,85,key262yek last solved a problem 159 days ago
161,84,wonsik last solved a problem 1690 days ago
162,84,sjnam last solved a problem 1630 days ago
163,84,Hydrogen last solved a problem 1037 days ago
164,83,(wichgreen) last solved a problem 2817 days ago
165,83,kaisyu last solved a problem 2794 days ago
166,83,(eulpine) last solved a problem 988 days ago
167,83,puella1204 last solved a problem 979 days ago
168,83,flagj last solved a problem 320 days ago
169,82,dhkim16 last solved a problem 1820 days ago
170,82,(ksthiv) last solved a problem 1541 days ago
171,81,T.Eom last solved a problem 3217 days ago
172,81,hck5209 last solved a problem 2658 days ago
173,81,milkskin last solved a problem 1826 days ago
174,81,EffectiveService last solved a problem 1757 days ago
175,80,woongy last solved a problem 1910 days ago
176,80,bdares last solved a problem 932 days ago
177,80,About-Blank last solved a problem 292 days ago
178,79,danox last solved a problem 3104 days ago
179,79,inzilion last solved a problem 2445 days ago
180,79,souldreamer last solved a problem 2300 days ago
181,79,jeonbyungwoo last solved a problem 932 days ago
182,78,kjk850 last solved a problem 2914 days ago
183,78,doodoori2 last solved a problem 2263 days ago
184,78,(JohnSeo) last solved a problem 1071 days ago
185,77,seongjaelee last solved a problem 2298 days ago
186,77,(sungjinlee) last solved a problem 1814 days ago
187,77,sukjoony last solved a problem 1666 days ago
188,77,seaguy last solved a problem 1471 days ago
189,77,ironlung last solved a problem 1063 days ago
190,77,Shongky last solved a problem 858 days ago
191,77,ch81.song last solved a problem 321 days ago
192,77,birmjin.in last solved a problem 96 days ago
193,76,raymundo last solved a problem 2567 days ago
194,75,hothead last solved a problem 3008 days ago
195,75,nateburchell last solved a problem 2312 days ago
196,75,songsungkyun last solved a problem 1989 days ago
197,75,bingoo last solved a problem 1983 days ago
198,75,littlechun4 last solved a problem 1974 days ago
199,75,solmonk last solved a problem 1584 days ago
200,75,ltdtl last solved a problem 1550 days ago
201,75,sgpark last solved a problem 989 days ago
202,75,YunGoon last solved a problem 235 days ago
203,74,zartoven last solved a problem 2658 days ago
204,74,vamf12 last solved a problem 2511 days ago
205,74,kunbam09 last solved a problem 1020 days ago
206,74,(bbaa1155) last solved a problem 799 days ago
207,74,(gs13057) last solved a problem 176 days ago
208,73,insany last solved a problem 2834 days ago
209,73,dkim90 last solved a problem 1917 days ago
210,73,xoguslwkd last solved a problem 573 days ago
211,72,Oscillator last solved a problem 3388 days ago
212,72,trif last solved a problem 1804 days ago
213,72,hnjang810 last solved a problem 1068 days ago
214,72,aleph0 last solved a problem 947 days ago
215,72,NewPython last solved a problem 659 days ago
216,72,Corea last solved a problem 490 days ago
217,72,ssangkong last solved a problem 410 days ago
218,72,delfino4 last solved a problem 36 days ago
219,71,drh last solved a problem 2942 days ago
220,71,motoko last solved a problem 2692 days ago
221,71,perryrage last solved a problem 2039 days ago
222,71,shwlinux last solved a problem 1637 days ago
223,71,jykim last solved a problem 1315 days ago
224,71,tapiko last solved a problem 1004 days ago
225,71,seul last solved a problem 740 days ago
226,71,proburner last solved a problem 656 days ago
227,71,aeromind last solved a problem 242 days ago
228,70,ntopia last solved a problem 3439 days ago
229,70,newshake last solved a problem 2927 days ago
230,70,jupiter7 last solved a problem 1371 days ago
231,70,dpp5411 last solved a problem 1265 days ago
232,70,naldo last solved a problem 856 days ago
233,69,changhoon last solved a problem 3005 days ago
234,69,sonsworld last solved a problem 2144 days ago
235,69,mnbv last solved a problem 1857 days ago
236,69,pomtech last solved a problem 1724 days ago
237,69,steloflute last solved a problem 1697 days ago
238,69,milkiss last solved a problem 1009 days ago
239,69,Ephemera last solved a problem 824 days ago
240,69,Peacemiki last solved a problem 799 days ago
241,69,dincal last solved a problem 464 days ago
242,69,rmsrk33 last solved a problem 125 days ago
243,69,wandookong last solved a problem 102 days ago
244,68,sirgrey last solved a problem 3652 days ago
245,68,uzhao last solved a problem 1891 days ago
246,68,byturn last solved a problem 1812 days ago
247,68,hacysean last solved a problem 1496 days ago
248,68,JAYS last solved a problem 1393 days ago
249,68,caooeep last solved a problem 1284 days ago
250,68,philmasterplus last solved a problem 1253 days ago
251,68,eminency last solved a problem 718 days ago
252,68,(hsm6911) last solved a problem 632 days ago
253,68,(nersery) last solved a problem 622 days ago
254,68,jihunroh-python last solved a problem 8 days ago
255,67,Chulho-Song last solved a problem 3376 days ago
256,67,fort726 last solved a problem 2977 days ago
257,67,(posithinks) last solved a problem 2399 days ago
258,67,blue9057 last solved a problem 2171 days ago
259,67,gnitemouse last solved a problem 1992 days ago
260,67,ideale last solved a problem 1774 days ago
261,67,(soharu1024) last solved a problem 1731 days ago
262,67,ibato last solved a problem 1600 days ago
263,67,heemin32 last solved a problem 1536 days ago
264,67,thebarbershop last solved a problem 578 days ago
265,67,(ikisis) last solved a problem 27 days ago
266,66,ILyoan last solved a problem 2975 days ago
267,66,flaugh last solved a problem 2097 days ago
268,66,combacsa last solved a problem 1992 days ago
269,66,(lemonkr) last solved a problem 1988 days ago
270,66,StarNK last solved a problem 1617 days ago
271,66,irisagfe last solved a problem 1153 days ago
272,66,hylee last solved a problem 1041 days ago
273,66,greatstone last solved a problem 937 days ago
274,65,laytotayl last solved a problem 3156 days ago
275,65,gs10107 last solved a problem 2411 days ago
276,65,yxp30 last solved a problem 1584 days ago
277,65,bookman01 last solved a problem 1130 days ago
278,65,cguy2000 last solved a problem 893 days ago
279,65,espring last solved a problem 419 days ago
280,65,nonblock last solved a problem 181 days ago
281,65,deity last solved a problem 172 days ago
282,64,Eclipse412 last solved a problem 1750 days ago
283,64,cramade last solved a problem 1316 days ago
284,64,(yeori) last solved a problem 790 days ago
285,64,kreateark last solved a problem 552 days ago
286,64,eltmzhsj last solved a problem 217 days ago
287,64,sherhy last solved a problem 198 days ago
288,63,krieiter last solved a problem 1994 days ago
289,63,sukwoo49 last solved a problem 1766 days ago
290,63,kchhero last solved a problem 1490 days ago
291,63,wsh0509 last solved a problem 1228 days ago
292,63,jooyunghan last solved a problem 962 days ago
293,63,Veckal last solved a problem 605 days ago
294,63,(ZTZEROS) last solved a problem 584 days ago
295,63,jacealan last solved a problem 104 days ago
296,62,calvados last solved a problem 2288 days ago
297,62,comkiwer last solved a problem 2012 days ago
298,62,(kismp123) last solved a problem 1630 days ago
299,62,swchoi06 last solved a problem 1474 days ago
300,62,arcadia88 last solved a problem 923 days ago
301,62,runnie0427 last solved a problem 687 days ago
302,62,aviness last solved a problem 677 days ago
303,62,jw.jung last solved a problem 594 days ago
304,62,boyboyhoo last solved a problem 325 days ago
305,61,legend12 last solved a problem 3834 days ago
306,61,oky last solved a problem 3130 days ago
307,61,i274 last solved a problem 1483 days ago
308,61,JongMan last solved a problem 1109 days ago
309,61,hiparkgss last solved a problem 144 days ago
310,60,TaeYoung last solved a problem 2667 days ago
311,60,boredashell99 last solved a problem 2533 days ago
312,60,bst1206 last solved a problem 1577 days ago
313,60,coprime last solved a problem 1386 days ago
314,60,optatum last solved a problem 1158 days ago
315,60,zxcxz7 last solved a problem 869 days ago
316,60,fanoyong last solved a problem 530 days ago
317,60,tyamazaki last solved a problem 527 days ago
318,60,lasher247 last solved a problem 334 days ago
319,60,ssico7 last solved a problem 327 days ago
320,59,totworld last solved a problem 2663 days ago
321,59,brp-matlab last solved a problem 1804 days ago
322,59,MagicalOrb last solved a problem 1732 days ago
323,59,protos37 last solved a problem 1170 days ago
324,59,zephyr9 last solved a problem 206 days ago
325,58,Holics last solved a problem 2365 days ago
326,58,(mighty93) last solved a problem 1470 days ago
327,58,hakenstock last solved a problem 1322 days ago
328,58,(tintin5108) last solved a problem 1216 days ago
329,58,nomadlife last solved a problem within the past day
330,57,unbing last solved a problem 3077 days ago
331,57,jhyun95 last solved a problem 1781 days ago
332,57,siscos last solved a problem 1738 days ago
333,57,(jaehaaheaj) last solved a problem 364 days ago
334,56,greatkes last solved a problem 3022 days ago
335,56,wildartist last solved a problem 2987 days ago
336,56,yojo1000 last solved a problem 2919 days ago
337,56,ruwin126 last solved a problem 2469 days ago
338,56,zidarn last solved a problem 2367 days ago
339,56,akmakk last solved a problem 2362 days ago
340,56,asimov79 last solved a problem 2211 days ago
341,56,m.Shin last solved a problem 1988 days ago
342,56,(rynn5419) last solved a problem 1601 days ago
343,56,(lkkpou) last solved a problem 1283 days ago
344,56,luxewiz last solved a problem 534 days ago
345,56,qwe6580 last solved a problem 176 days ago
346,55,kang249 last solved a problem 3360 days ago
347,55,indrazit last solved a problem 1795 days ago
348,55,yeonseung.kim last solved a problem 1318 days ago
349,55,(DarkAngel) last solved a problem 1280 days ago
350,55,yimjy1996 last solved a problem 1160 days ago
351,55,(raifthenerd) last solved a problem 96 days ago
352,54,shuvh last solved a problem 3273 days ago
353,54,shurain last solved a problem 3038 days ago
354,54,hongjun7 last solved a problem 2518 days ago
355,54,Clatue last solved a problem 2406 days ago
356,54,(tjyoo73) last solved a problem 320 days ago
357,54,bits_and_scraps last solved a problem 262 days ago
358,54,(yyc9268) last solved a problem 27 days ago
359,53,samerook last solved a problem 3025 days ago
360,53,dbcat last solved a problem 2882 days ago
361,53,seoleda last solved a problem 2332 days ago
362,53,Mastojun last solved a problem 2321 days ago
363,53,yielding last solved a problem 2018 days ago
364,53,ruunak last solved a problem 1786 days ago
365,53,yunskim last solved a problem 1655 days ago
366,53,rhs0266 last solved a problem 1303 days ago
367,53,etoilebleu06 last solved a problem 1212 days ago
368,53,hyunhwan last solved a problem 1116 days ago
369,53,AmorEtSpero last solved a problem 1026 days ago
370,53,16spark1 last solved a problem 110 days ago
371,52,dish last solved a problem 3318 days ago
372,52,ejholic last solved a problem 3246 days ago
373,52,codejack last solved a problem 3162 days ago
374,52,deisys last solved a problem 2879 days ago
375,52,yoloseem last solved a problem 1117 days ago
376,52,(albert_park) last solved a problem 1024 days ago
377,52,yangjy0113 last solved a problem 967 days ago
378,52,thumb last solved a problem 695 days ago
379,52,viciousagent86 last solved a problem 340 days ago
380,51,john3374 last solved a problem 2767 days ago
381,51,sinjimua last solved a problem 2667 days ago
382,51,singleheart last solved a problem 2033 days ago
383,51,boldragon last solved a problem 1833 days ago
384,51,sven_ last solved a problem 1738 days ago
385,51,(spyrogira256) last solved a problem 1658 days ago
386,51,eva0071 last solved a problem 1583 days ago
387,51,glastonbury last solved a problem 1564 days ago
388,51,greentec last solved a problem 1536 days ago
389,51,ybjeon01 last solved a problem 1032 days ago
390,51,(jins02) last solved a problem 944 days ago
391,51,john-scarlet last solved a problem 754 days ago
392,51,hjl1595 last solved a problem 716 days ago
393,51,freewild last solved a problem 230 days ago
394,51,Yearning last solved a problem 26 days ago
395,51,mohenjo last solved a problem 1 day ago
396,50,RisingCrow last solved a problem 4052 days ago
397,50,wmftsa last solved a problem 3003 days ago
398,50,Informatica_Kim last solved a problem 2844 days ago
399,50,kenjin2202 last solved a problem 2698 days ago
400,50,isAir last solved a problem 2057 days ago
