rank,id,solved,last_solved
1=,id_97964_,600+,Jrdevil last solved a problem 5 days ago
1=,id_274577_,600+,baihacker last solved a problem 4 days ago
1=,id_593952_,600+,lizhusong922 last solved a problem 4 days ago
1=,id_625856_,600+,skyivben last solved a problem 2 days ago
1=,id_437133_,600+,roosephu last solved a problem 2 days ago
1=,id_590364_,600+,(whatsup) last solved a problem 68 days ago
7,id_204842_,532,eagles last solved a problem within the past day
8,id_277109_,525,LatticeGuy last solved a problem 4 days ago
9,id_226589_,520,cheng.di last solved a problem 368 days ago
10,id_536468_,510,taizhou last solved a problem 93 days ago
11,id_634007_,501,bukebuer last solved a problem within the past day
12,id_259912_,446,(lld2006) last solved a problem 504 days ago
13,id_835872_,445,Shawnmaza last solved a problem within the past day
14,id_407112_,438,liuguangxi last solved a problem 5 days ago
15,id_1265324_,438,vxv last solved a problem 5 days ago
16,id_51172_,436,tec last solved a problem 163 days ago
17,id_179229_,420,dhu_try last solved a problem 1764 days ago
18,id_294964_,408,GaoZone last solved a problem 158 days ago
19,id_372878_,404,shs.10978 last solved a problem within the past day
20,id_244184_,401,driversetc last solved a problem 18 days ago
21,id_38058_,387,ZhouYuChen last solved a problem 614 days ago
22,id_190303_,386,Jackalope last solved a problem 2088 days ago
23,id_161072_,384,fox0571 last solved a problem 2187 days ago
24,id_496041_,382,wwwwodddd last solved a problem 29 days ago
25,id_1129567_,364,aaahhh last solved a problem 64 days ago
26,id_366024_,364,sevenkplus last solved a problem 18 days ago
27,id_94675_,361,chzhou last solved a problem 379 days ago
28,id_153041_,353,(Slipper) last solved a problem 1342 days ago
29,id_1290156_,345,redhill42 last solved a problem 1 day ago
30,id_134446_,339,ljq last solved a problem 1960 days ago
31,id_477782_,333,ftiasch last solved a problem 162 days ago
32,id_161821_,325,goalboy last solved a problem 2169 days ago
33,id_545499_,321,czp last solved a problem 10 days ago
34,id_63044_,315,int last solved a problem 132 days ago
35,id_943389_,315,mpanlei last solved a problem 100 days ago
36,id_28736_,312,zhzs last solved a problem 2812 days ago
37,id_188055_,311,vici last solved a problem 49 days ago
38,id_28426_,307,waiwaipig last solved a problem 2039 days ago
39,id_66551_,306,eming last solved a problem 2855 days ago
40,id_196002_,306,taolei last solved a problem 1027 days ago
41,id_78267_,305,asmn last solved a problem 1409 days ago
42,id_325110_,303,esun-w last solved a problem 255 days ago
43,id_355110_,302,xtlisk last solved a problem 1395 days ago
44,id_391095_,301,scturtle last solved a problem 1246 days ago
45,id_91328_,300,HKX last solved a problem 1877 days ago
46,id_1005155_,300,LzyRapx last solved a problem within the past day
47,id_744345_,292,quailty last solved a problem 31 days ago
48,id_737459_,291,Tangent last solved a problem within the past day
49,id_231635_,285,coolwanglu last solved a problem 2262 days ago
50,id_1301587_,282,misaka20001 last solved a problem 98 days ago
51,id_473968_,278,lrzh last solved a problem 304 days ago
52,id_181236_,270,l2y3n2 last solved a problem 1241 days ago
53,id_390699_,268,MATH_WangXU last solved a problem 83 days ago
54,id_96798_,267,ben1222 last solved a problem 2454 days ago
55,id_1133012_,265,3140101958 last solved a problem 193 days ago
56,id_367462_,259,jackchess last solved a problem 122 days ago
57,id_1008069_,258,Weifeng_Sun last solved a problem 282 days ago
58,id_1183210_,258,lidan615 last solved a problem within the past day
59,id_421366_,257,superdesert last solved a problem 1418 days ago
60,id_957440_,255,czgj1999 last solved a problem 90 days ago
61,id_38270_,254,Rinick last solved a problem 3231 days ago
62,id_56683_,251,falseskywalker last solved a problem 3343 days ago
63,id_51729_,251,xiaoyukina last solved a problem 2103 days ago
64,id_932915_,247,luyunlong last solved a problem 212 days ago
65,id_863248_,246,zscc last solved a problem 129 days ago
66,id_1004145_,246,vapor last solved a problem 3 days ago
67,id_1223588_,243,strong49 last solved a problem within the past day
68,id_50828_,242,greedp last solved a problem 1603 days ago
69,id_211636_,241,Ekoms_The_Insane last solved a problem 2332 days ago
70,id_204681_,236,stir67 last solved a problem 2452 days ago
71,id_448035_,236,sharpeye last solved a problem 239 days ago
72,id_660551_,236,wuyingddg last solved a problem 158 days ago
73,id_25426_,234,chyx last solved a problem 2082 days ago
74,id_477494_,234,(zbanach) last solved a problem 367 days ago
75,id_91699_,233,BigGuava last solved a problem 3203 days ago
76,id_136927_,231,Ledrug last solved a problem 2602 days ago
77,id_1197017_,230,wcysai last solved a problem within the past day
78,id_325112_,226,andor9 last solved a problem 393 days ago
79,id_220573_,225,zouxun last solved a problem 2518 days ago
80,id_162439_,225,tifa last solved a problem 698 days ago
81,id_616807_,221,lugionline last solved a problem 44 days ago
82,id_614758_,219,yangxinyu last solved a problem 225 days ago
83,id_198613_,214,jasonzd last solved a problem 1152 days ago
84,id_604530_,214,qu317058542 last solved a problem 399 days ago
85,id_852362_,214,Sd.Invol last solved a problem 327 days ago
86,id_510457_,213,lllllllllllll last solved a problem 1649 days ago
87,id_1050915_,213,(wangh98) last solved a problem 9 days ago
88,id_784521_,212,alephalpha last solved a problem 1034 days ago
89,id_574949_,212,Alec_tk last solved a problem 213 days ago
90,id_541653_,211,xymeng last solved a problem 480 days ago
91,id_25835_,210,idiot94 last solved a problem 3605 days ago
92,id_25523_,210,MATLABMATH last solved a problem 3602 days ago
93,id_20483_,209,hupo001 last solved a problem 3421 days ago
94,id_470994_,209,mathyrl last solved a problem 961 days ago
95,id_211551_,209,bigeast last solved a problem 113 days ago
96,id_330873_,208,llhuii last solved a problem 1745 days ago
97,id_285391_,208,xbtianlang last solved a problem 1658 days ago
98,id_23994_,207,purelisp last solved a problem 2895 days ago
99,id_658700_,207,foreverbell last solved a problem 599 days ago
100,id_1051127_,207,luotuoqingshan last solved a problem 79 days ago
101,id_945209_,207,fjzzq2002 last solved a problem 1 day ago
102,id_282393_,206,physhark last solved a problem 1864 days ago
103,id_828741_,206,lyensolarism last solved a problem 139 days ago
104,id_72490_,205,Yishun last solved a problem 338 days ago
105,id_1201371_,205,grf1973 last solved a problem 171 days ago
106,id_180941_,204,llq17501 last solved a problem 1177 days ago
107,id_1097516_,204,lunjgr last solved a problem 440 days ago
108,id_25188_,202,staynight last solved a problem 1345 days ago
109,id_28739_,202,yshui last solved a problem 1023 days ago
110,id_50152_,201,SkyShaw last solved a problem 2296 days ago
111,id_347382_,201,wanbo last solved a problem 1236 days ago
112,id_119661_,201,zhymaoiing last solved a problem 522 days ago
113,id_128238_,199,cgy4ever last solved a problem 894 days ago
114,id_33502_,195,redfield last solved a problem 3188 days ago
115,id_163571_,195,kennethsnow last solved a problem 244 days ago
116,id_703376_,194,YiCyunSaBi last solved a problem 693 days ago
117,id_134510_,192,neutrino21 last solved a problem 45 days ago
118,id_311340_,191,rujialiu last solved a problem 1653 days ago
119,id_26319_,189,ftfish last solved a problem 13 days ago
120,id_510284_,189,natsukage last solved a problem 5 days ago
121,id_95577_,188,cuiaoxiang last solved a problem 510 days ago
122,id_1193809_,187,lyyshp last solved a problem 115 days ago
123,id_351020_,186,taoyijie last solved a problem 327 days ago
124,id_814892_,186,abcwuhang last solved a problem within the past day
125,id_386608_,185,ctzsm last solved a problem 732 days ago
126,id_80455_,184,sha1 last solved a problem 2554 days ago
127,id_66505_,184,kaifeng last solved a problem 1905 days ago
128,id_253083_,183,bbsdkjdx last solved a problem 557 days ago
129,id_87704_,182,northwolves last solved a problem 602 days ago
130,id_121454_,181,seaker last solved a problem 3024 days ago
131,id_96253_,181,lby1990 last solved a problem 2277 days ago
132,id_151834_,181,lijiaqigreat last solved a problem 309 days ago
133,id_557650_,180,xiaoshua last solved a problem 685 days ago
134,id_510194_,179,S3_N last solved a problem 670 days ago
135,id_938763_,177,yuezheng last solved a problem 461 days ago
136,id_842363_,177,(lyp2015) last solved a problem 245 days ago
137,id_442595_,177,Dezhonger last solved a problem 44 days ago
138,id_38639_,175,wong.tong last solved a problem 2188 days ago
139,id_435610_,175,DarknessGuideMe last solved a problem 1867 days ago
140,id_457892_,175,(ronnoc) last solved a problem 521 days ago
141,id_1171646_,175,flxj last solved a problem 47 days ago
142,id_132825_,174,__starrify__ last solved a problem 1810 days ago
143,id_212725_,174,fancitron last solved a problem 54 days ago
144,id_189860_,173,HenryYang last solved a problem 2716 days ago
145,id_111239_,172,(whatasha) last solved a problem 1886 days ago
146,id_441900_,172,haiwangcat last solved a problem 1233 days ago
147,id_324027_,172,jameslao last solved a problem 963 days ago
148,id_280230_,171,skydark last solved a problem 1930 days ago
149,id_187515_,171,bjin last solved a problem 804 days ago
150,id_33115_,171,ssynhtn last solved a problem 263 days ago
151,id_710482_,171,Fazheng last solved a problem 84 days ago
152,id_884882_,170,NiroBC last solved a problem 63 days ago
153,id_110610_,169,(lhr0909) last solved a problem 2111 days ago
154,id_28509_,169,chrisliu last solved a problem 1911 days ago
155,id_971021_,169,JTJL last solved a problem 44 days ago
156,id_26949_,168,fwjmath last solved a problem 640 days ago
157,id_983499_,167,shenyang last solved a problem 760 days ago
158,id_8099_,166,(wywcgs) last solved a problem 220 days ago
159,id_1279323_,166,piaofengslg last solved a problem 112 days ago
160,id_483421_,165,tif last solved a problem 1239 days ago
161,id_912250_,165,lanmaomao last solved a problem 291 days ago
162,id_1243833_,164,qlf2007 last solved a problem 67 days ago
163,id_519452_,163,(Bella) last solved a problem 1797 days ago
164,id_178577_,162,carryyouaway last solved a problem 2312 days ago
165,id_1011072_,162,tz397 last solved a problem 39 days ago
166,id_89394_,161,phrock last solved a problem 3320 days ago
167,id_234461_,161,jingwenhtp last solved a problem 2355 days ago
168,id_156345_,160,lzyzizi last solved a problem 2212 days ago
169,id_161172_,160,cleaner_leon last solved a problem 1948 days ago
170,id_520546_,160,(JavierWu) last solved a problem 419 days ago
171,id_965924_,160,michael_ho last solved a problem 92 days ago
172,id_311185_,159,wanying last solved a problem 2154 days ago
173,id_576602_,159,sweetJ last solved a problem 1436 days ago
174,id_584383_,159,brickgao last solved a problem 858 days ago
175,id_1063289_,159,infmagic2047 last solved a problem 536 days ago
176,id_1009760_,159,(kiiiiii) last solved a problem 76 days ago
177,id_199024_,158,maomaoloverose last solved a problem 2301 days ago
178,id_382515_,158,zmwang last solved a problem 1216 days ago
179,id_463254_,157,qshadun last solved a problem 1252 days ago
180,id_83649_,156,yinan last solved a problem 2642 days ago
181,id_3738_,156,silwile last solved a problem 2507 days ago
182,id_39600_,156,ziyuang last solved a problem 2394 days ago
183,id_561058_,156,hjf last solved a problem 401 days ago
184,id_779511_,156,lihaitao last solved a problem 364 days ago
185,id_1288446_,156,(wzx961008) last solved a problem 36 days ago
186,id_1135231_,156,palayutm last solved a problem 26 days ago
187,id_295882_,155,seanchen last solved a problem 2310 days ago
188,id_157935_,155,RUCEric last solved a problem 2305 days ago
189,id_50452_,154,linxh last solved a problem 3247 days ago
190,id_37415_,154,dreamsky last solved a problem 1876 days ago
191,id_403130_,154,litaoye last solved a problem 1186 days ago
192,id_393128_,154,yudx last solved a problem 1096 days ago
193,id_57079_,154,Sempr last solved a problem 314 days ago
194,id_1177399_,154,huangd95 last solved a problem 296 days ago
195,id_102915_,153,dirtysalt last solved a problem 3222 days ago
196,id_35818_,153,chensdiscovery last solved a problem 2955 days ago
197,id_34253_,153,youngkent last solved a problem 1966 days ago
198,id_495389_,153,Legendking last solved a problem 1091 days ago
199,id_993668_,153,Junix last solved a problem 718 days ago
200,id_249644_,153,lotus last solved a problem 258 days ago
201,id_1128166_,153,clearlove last solved a problem 39 days ago
202,id_71743_,152,huanzhou2006 last solved a problem 2955 days ago
203,id_449982_,152,(milkyways) last solved a problem 1178 days ago
204,id_181383_,152,l1t last solved a problem 310 days ago
205,id_1040333_,152,(dataisland) last solved a problem 42 days ago
206,id_252491_,151,remember86 last solved a problem 2376 days ago
207,id_382985_,151,aceeca1 last solved a problem 1914 days ago
208,id_66495_,151,hkkhhk last solved a problem 1860 days ago
209,id_550385_,151,Nero last solved a problem 161 days ago
210,id_904392_,150,xx331234 last solved a problem 600 days ago
211,id_262135_,149,bluefire last solved a problem 1992 days ago
212,id_262938_,149,(li.stayhere) last solved a problem 1643 days ago
213,id_161190_,149,xiaoyi last solved a problem 1124 days ago
214,id_472123_,148,xyz111 last solved a problem 11 days ago
215,id_105812_,147,melon1234 last solved a problem 2685 days ago
216,id_251383_,147,(critical27) last solved a problem 1927 days ago
217,id_151726_,147,knorthplay last solved a problem 785 days ago
218,id_1260896_,147,Forever_you last solved a problem 111 days ago
219,id_937345_,146,mo_0820 last solved a problem 713 days ago
220,id_695172_,146,liuyaqiu last solved a problem 19 days ago
221,id_490886_,145,yushengjsman last solved a problem 1214 days ago
222,id_242196_,144,(fishgazer) last solved a problem 2366 days ago
223,id_272389_,144,alphaxiang last solved a problem 1749 days ago
224,id_272294_,144,HJWAJ last solved a problem 173 days ago
225,id_441632_,143,iljyya last solved a problem 1409 days ago
226,id_1340105_,143,husicbasic last solved a problem 20 days ago
227,id_364711_,142,gjyalpha last solved a problem 2176 days ago
228,id_324967_,142,txyyss last solved a problem 1882 days ago
229,id_444348_,142,Amitabha last solved a problem 830 days ago
230,id_1245513_,141,wangch last solved a problem 86 days ago
231,id_92305_,140,huguang last solved a problem 3157 days ago
232,id_38986_,140,(daniel.you) last solved a problem 1798 days ago
233,id_623621_,140,Gedicht last solved a problem 1549 days ago
234,id_154780_,140,yanhan13 last solved a problem 1438 days ago
235,id_412723_,140,codelibrary last solved a problem 1344 days ago
236,id_479130_,140,GideonWhu last solved a problem 1142 days ago
237,id_33679_,139,xxfen last solved a problem 1605 days ago
238,id_100244_,139,(huayi) last solved a problem 671 days ago
239,id_629414_,138,skyivair last solved a problem 1292 days ago
240,id_188679_,138,(friarchen) last solved a problem 1287 days ago
241,id_189095_,138,Solaria last solved a problem 106 days ago
242,id_457148_,138,famx_pencil last solved a problem 20 days ago
243,id_24569_,137,gnocuil last solved a problem 1455 days ago
244,id_446852_,137,(flyraibow) last solved a problem 1368 days ago
245,id_793156_,137,dinghysora last solved a problem 1092 days ago
246,id_360368_,136,ACMonster last solved a problem 1674 days ago
247,id_1258582_,136,jsxylzh last solved a problem 76 days ago
248,id_347196_,135,2huluanzi last solved a problem 2006 days ago
249,id_32141_,135,hhanger last solved a problem 1987 days ago
250,id_257242_,135,mickeyandkaka last solved a problem 116 days ago
251,id_397529_,134,bovinova last solved a problem 1800 days ago
252,id_165790_,134,zhuangxm last solved a problem 196 days ago
253,id_78967_,133,matman last solved a problem 2684 days ago
254,id_101979_,133,wjthu last solved a problem 2450 days ago
255,id_341947_,133,danei last solved a problem 1098 days ago
256,id_563599_,133,sdyy1990 last solved a problem 924 days ago
257,id_339733_,133,waterret last solved a problem 817 days ago
258,id_487565_,132,(tmxk) last solved a problem 1036 days ago
259,id_999313_,132,(xieyh11) last solved a problem 734 days ago
260,id_420048_,132,Ra1nWarden last solved a problem 525 days ago
261,id_1074081_,132,cyand1317 last solved a problem 113 days ago
262,id_9828_,131,helium last solved a problem 4010 days ago
263,id_266908_,131,leeduhem last solved a problem 1126 days ago
264,id_445447_,131,NBAFifa last solved a problem 717 days ago
265,id_371736_,131,(geniusnut) last solved a problem 448 days ago
266,id_633675_,131,VictorWonder last solved a problem 155 days ago
267,id_50670_,130,jiangerji last solved a problem 2820 days ago
268,id_469256_,130,zxx714 last solved a problem 1883 days ago
269,id_252813_,130,Heart_Blue last solved a problem 496 days ago
270,id_9169_,129,yshhq last solved a problem 2218 days ago
271,id_81686_,129,daifei4321 last solved a problem 2140 days ago
272,id_202607_,129,(cwjcsu) last solved a problem 1028 days ago
273,id_616543_,129,Eular last solved a problem 551 days ago
274,id_908096_,129,zrq last solved a problem 98 days ago
275,id_872981_,128,(--..) last solved a problem 641 days ago
276,id_809811_,128,spline last solved a problem 515 days ago
277,id_29110_,127,justinxu last solved a problem 1800 days ago
278,id_91681_,127,manandsea last solved a problem 1794 days ago
279,id_435132_,127,judaplus last solved a problem 1435 days ago
280,id_51831_,127,huntxu last solved a problem 1127 days ago
281,id_579629_,127,minqiang last solved a problem 1080 days ago
282,id_634156_,127,candyfeline last solved a problem 955 days ago
283,id_36399_,127,Eastsun last solved a problem 763 days ago
284,id_947539_,127,chuzm15 last solved a problem 399 days ago
285,id_595168_,127,(XupingYao) last solved a problem 219 days ago
286,id_30429_,126,leapforlove last solved a problem 2171 days ago
287,id_164820_,126,Roowe last solved a problem 2143 days ago
288,id_828219_,126,whuawell last solved a problem 934 days ago
289,id_885398_,126,Miku_chousuki last solved a problem 78 days ago
290,id_83650_,125,fuwutu last solved a problem 1703 days ago
291,id_239493_,125,forresty last solved a problem 1228 days ago
292,id_510544_,125,chenminqi last solved a problem 792 days ago
293,id_655847_,125,(547826947) last solved a problem 528 days ago
294,id_27166_,124,guoheng last solved a problem 1926 days ago
295,id_234319_,124,(liuq901) last solved a problem 1759 days ago
296,id_832554_,124,Bephbin last solved a problem 614 days ago
297,id_175921_,124,(huangyunict) last solved a problem 282 days ago
298,id_779398_,124,(sfiction) last solved a problem 116 days ago
299,id_512093_,123,xuanyan last solved a problem 464 days ago
300,id_50094_,122,leojay last solved a problem 1968 days ago
301,id_399025_,122,riku_in_japan last solved a problem 1437 days ago
302,id_750325_,122,HyperGroups last solved a problem 690 days ago
303,id_921598_,122,(FTYYY) last solved a problem 229 days ago
304,id_62488_,121,Ro.C.yR last solved a problem 1839 days ago
305,id_15338_,121,Chongkai last solved a problem 1586 days ago
306,id_283129_,121,slipper_l last solved a problem 734 days ago
307,id_837667_,121,(__Andy) last solved a problem 723 days ago
308,id_45889_,120,qdzcslj last solved a problem 3612 days ago
309,id_163359_,120,ncuww last solved a problem 2786 days ago
310,id_188708_,120,ljz last solved a problem 2777 days ago
311,id_163147_,120,huangcd last solved a problem 2221 days ago
312,id_161497_,120,dgg32 last solved a problem 2133 days ago
313,id_541282_,120,monad last solved a problem 1689 days ago
314,id_276556_,120,(laysent) last solved a problem 495 days ago
315,id_322373_,120,xw_y_am last solved a problem 303 days ago
316,id_173600_,120,(ProjectYoung) last solved a problem 260 days ago
317,id_1171036_,120,1400011786 last solved a problem 53 days ago
318,id_45677_,119,qwertybilly last solved a problem 3611 days ago
319,id_291901_,119,dsyin last solved a problem 1868 days ago
320,id_339878_,119,PhyFrancis last solved a problem 955 days ago
321,id_198321_,119,(xinix) last solved a problem 917 days ago
322,id_705459_,119,Protoss last solved a problem 32 days ago
323,id_799341_,119,zball last solved a problem 22 days ago
324,id_87093_,118,winxos last solved a problem 3119 days ago
325,id_916866_,118,laughinging last solved a problem 458 days ago
326,id_47140_,117,wavellite last solved a problem 3581 days ago
327,id_336100_,117,Greentie last solved a problem 2246 days ago
328,id_536621_,117,taorunz last solved a problem 1160 days ago
329,id_448571_,117,sittingbull last solved a problem 104 days ago
330,id_32247_,116,daiwb last solved a problem 3039 days ago
331,id_790976_,116,shiinamashiro last solved a problem 971 days ago
332,id_667693_,116,(kangpengpeng) last solved a problem 244 days ago
333,id_471862_,116,(shenlei) last solved a problem 25 days ago
334,id_372564_,115,mayka.i.truba last solved a problem 1748 days ago
335,id_238222_,115,bistole last solved a problem 1605 days ago
336,id_499896_,115,zechac last solved a problem 86 days ago
337,id_82942_,114,chencc last solved a problem 3405 days ago
338,id_416101_,114,mitcc last solved a problem 1576 days ago
339,id_21309_,114,yellowriver last solved a problem 1091 days ago
340,id_1016200_,114,.sjtu-lyj last solved a problem 680 days ago
341,id_7950_,114,zfhammer last solved a problem 450 days ago
342,id_352039_,113,easymath3 last solved a problem 1688 days ago
343,id_337069_,113,cylixstar last solved a problem 1456 days ago
344,id_366190_,113,SilverBullet last solved a problem 1207 days ago
345,id_1043818_,113,(Nithouson) last solved a problem 174 days ago
346,id_899553_,113,vvee99 last solved a problem 106 days ago
347,id_205351_,112,zjx20 last solved a problem 2468 days ago
348,id_212442_,112,huangkan last solved a problem 1599 days ago
349,id_473466_,112,akarin last solved a problem 1255 days ago
350,id_616285_,112,(707481877) last solved a problem 1145 days ago
351,id_574371_,112,zhoufeng512 last solved a problem 568 days ago
352,id_191939_,112,thnt last solved a problem 169 days ago
353,id_1200763_,112,NiklausMikaelson last solved a problem 130 days ago
354,id_140423_,111,Honeypot last solved a problem 3041 days ago
355,id_9904_,111,nickcen last solved a problem 1908 days ago
356,id_256085_,111,(ralphjessie) last solved a problem 1698 days ago
357,id_31512_,111,(eddyxu) last solved a problem 582 days ago
358,id_741641_,111,cherichy last solved a problem 552 days ago
359,id_211714_,111,quietsmile last solved a problem 497 days ago
360,id_795766_,111,s251258132 last solved a problem 30 days ago
361,id_1170656_,111,syb9258 last solved a problem 24 days ago
362,id_26170_,110,JeffG last solved a problem 3517 days ago
363,id_208167_,110,cnbuff410 last solved a problem 1895 days ago
364,id_80357_,110,(longwosion) last solved a problem 1621 days ago
365,id_775879_,110,Peeeee last solved a problem 936 days ago
366,id_648680_,110,wandering last solved a problem 291 days ago
367,id_98117_,109,xl last solved a problem 2534 days ago
368,id_38085_,109,allensong95 last solved a problem 1642 days ago
369,id_175277_,109,belanov last solved a problem 1392 days ago
370,id_813176_,109,guanyishu last solved a problem 564 days ago
371,id_41863_,109,flyee last solved a problem 546 days ago
372,id_85174_,109,petitfish last solved a problem 1 day ago
373,id_85239_,108,yanzixiang last solved a problem 3363 days ago
374,id_32548_,108,xingjianan last solved a problem 3326 days ago
375,id_445894_,108,meridional last solved a problem 1526 days ago
376,id_50507_,108,hulucc last solved a problem 1226 days ago
377,id_947167_,108,fjin last solved a problem 844 days ago
378,id_77605_,108,sunt05 last solved a problem 799 days ago
379,id_930660_,108,XiaoTaoWang last solved a problem 381 days ago
380,id_1222233_,108,(sel-fish) last solved a problem 30 days ago
381,id_1197843_,108,wftao1995 last solved a problem 13 days ago
382,id_196784_,107,xjlinyueru last solved a problem 2659 days ago
383,id_72567_,107,huzza last solved a problem 1910 days ago
384,id_592530_,107,AcrossTheSky last solved a problem 1170 days ago
385,id_812965_,107,magic331 last solved a problem 529 days ago
386,id_64752_,106,yejianye last solved a problem 3039 days ago
387,id_288451_,106,Mei.Xuelan last solved a problem 2059 days ago
388,id_259660_,106,xiekaixuan last solved a problem 980 days ago
389,id_731677_,106,huangshenno1 last solved a problem 857 days ago
390,id_76838_,106,Puzzled last solved a problem 788 days ago
391,id_1191400_,106,haryseldon last solved a problem 301 days ago
392,id_1238787_,106,Andy_Li last solved a problem 133 days ago
393,id_50876_,105,ul0402206 last solved a problem 2680 days ago
394,id_285456_,105,valwang last solved a problem 2399 days ago
395,id_55290_,105,guangge77 last solved a problem 1731 days ago
396,id_124668_,105,gcd0318 last solved a problem 1403 days ago
397,id_515418_,105,(gedt11) last solved a problem 724 days ago
398,id_489449_,105,hongyan last solved a problem 517 days ago
399,id_87080_,105,bloodwolf last solved a problem 268 days ago
400,id_172228_,105,cpy last solved a problem 120 days ago
401,id_44285_,104,lidaobing last solved a problem 3615 days ago
402,id_139913_,104,Alel last solved a problem 2782 days ago
403,id_19476_,104,yangsx last solved a problem 2701 days ago
404,id_402686_,104,MiceBiteWood last solved a problem 2033 days ago
405,id_141247_,104,citaret last solved a problem 1851 days ago
406,id_551753_,104,tanghuanan last solved a problem 1700 days ago
407,id_593340_,104,Erutan last solved a problem 1640 days ago
408,id_350917_,104,(wzw) last solved a problem 1460 days ago
409,id_1047798_,104,anxinguo last solved a problem 196 days ago
410,id_53313_,103,txguo last solved a problem 3206 days ago
411,id_160166_,103,dementrock last solved a problem 2420 days ago
412,id_134300_,103,Mr.WireDancer last solved a problem 2077 days ago
413,id_356043_,103,LeavittZhang last solved a problem 2060 days ago
414,id_390915_,103,onceloved last solved a problem 1311 days ago
415,id_1086830_,103,(levyliao) last solved a problem 521 days ago
416,id_764274_,103,lijunkang last solved a problem 216 days ago
417,id_282398_,102,mr_delphi last solved a problem 1947 days ago
418,id_649418_,102,oinil last solved a problem 1388 days ago
419,id_57066_,102,iLang last solved a problem 1381 days ago
420,id_87124_,102,Tain last solved a problem 1136 days ago
421,id_729971_,102,hikean last solved a problem 894 days ago
422,id_717667_,102,caoyi0905 last solved a problem 877 days ago
423,id_1185410_,102,justin03 last solved a problem 345 days ago
424,id_170804_,102,dongbing last solved a problem 317 days ago
425,id_729565_,102,huizew last solved a problem 279 days ago
426,id_1246259_,102,D_Tesla last solved a problem 26 days ago
427,id_181745_,101,mothing last solved a problem 2548 days ago
428,id_463345_,101,yanlingevol last solved a problem 1802 days ago
429,id_29180_,101,alpc62 last solved a problem 1738 days ago
430,id_188894_,101,stoundmire last solved a problem 1369 days ago
431,id_436657_,101,yun_sun last solved a problem 1256 days ago
432,id_101410_,101,(ivoryxiong) last solved a problem 1083 days ago
433,id_65738_,101,yang_bigarm last solved a problem 681 days ago
434,id_964328_,101,kapok last solved a problem 448 days ago
435,id_1159849_,101,rabbit_lb last solved a problem 392 days ago
436,id_1136488_,101,wdztyang last solved a problem 355 days ago
437,id_1234898_,101,chehou last solved a problem 152 days ago
438,id_1219176_,101,(289728525) last solved a problem 40 days ago
439,id_162712_,100,amadeoh last solved a problem 2855 days ago
440,id_26053_,100,riobard last solved a problem 2783 days ago
441,id_73175_,100,jessicasco last solved a problem 2525 days ago
442,id_285607_,100,yessit last solved a problem 2405 days ago
443,id_282820_,100,Fred Lin last solved a problem 2384 days ago
444,id_305046_,100,windmisses last solved a problem 2377 days ago
445,id_51665_,100,yeah1900 last solved a problem 2116 days ago
446,id_317801_,100,DUANBELIEVE last solved a problem 2069 days ago
447,id_444220_,100,meye last solved a problem 1985 days ago
448,id_477343_,100,Hooloong last solved a problem 1913 days ago
449,id_374577_,100,Fandi last solved a problem 1830 days ago
450,id_615576_,100,equation314 last solved a problem 1333 days ago
451,id_761225_,100,yuniscomputing last solved a problem 1187 days ago
452,id_656517_,100,(nkzimmon) last solved a problem 989 days ago
453,id_575408_,100,s0ng last solved a problem 373 days ago
454,id_330663_,100,zerosnake0 last solved a problem 349 days ago
455,id_484672_,99,ljhku last solved a problem 1816 days ago
456,id_558943_,99,gameboy1024 last solved a problem 1204 days ago
457,id_1080251_,99,imxian last solved a problem 497 days ago
458,id_645276_,99,art9 last solved a problem 138 days ago
459,id_25697_,98,bbschat last solved a problem 2767 days ago
460,id_102896_,98,changsheng last solved a problem 2391 days ago
461,id_604467_,98,(jilinxie) last solved a problem 1532 days ago
462,id_459494_,97,jiufengzi last solved a problem 1906 days ago
463,id_323276_,97,Javran last solved a problem 1277 days ago
464,id_39862_,96,sailuo last solved a problem 3649 days ago
465,id_76566_,96,zenwalk last solved a problem 2391 days ago
466,id_638052_,96,liuyubobobo last solved a problem 1072 days ago
467,id_773249_,96,thinginitself last solved a problem 915 days ago
468,id_630457_,96,(bigmortz) last solved a problem 822 days ago
469,id_34017_,95,Gloria last solved a problem 3326 days ago
470,id_79686_,95,MaZhanlei last solved a problem 3102 days ago
471,id_481480_,95,_Ke last solved a problem 1243 days ago
472,id_491952_,95,Sacry last solved a problem 1183 days ago
473,id_1015345_,95,luobuda last solved a problem 656 days ago
474,id_161792_,95,(cyyever) last solved a problem 256 days ago
475,id_166702_,94,plokzfadai last solved a problem 1990 days ago
476,id_389663_,94,pavelkang last solved a problem 1670 days ago
477,id_28733_,94,jmouse last solved a problem 1448 days ago
478,id_97115_,93,Answeror last solved a problem 2157 days ago
479,id_593160_,93,(hahahanibal) last solved a problem 1535 days ago
480,id_405036_,93,zero.chs last solved a problem 1028 days ago
481,id_368934_,93,paroid last solved a problem 855 days ago
482,id_676302_,93,Nilnova last solved a problem 536 days ago
483,id_1272267_,93,southpacific last solved a problem 1 day ago
484,id_118370_,92,oyyfj last solved a problem 3143 days ago
485,id_432730_,92,bigsh1p last solved a problem 1206 days ago
486,id_732909_,92,xWvxYWYxvWx last solved a problem 476 days ago
487,id_678483_,92,skywalkert last solved a problem 153 days ago
488,id_1144804_,92,cq_xuke last solved a problem 135 days ago
489,id_66846_,91,coffee.stone last solved a problem 2836 days ago
490,id_70958_,91,apzc2529 last solved a problem 2781 days ago
491,id_401355_,91,xuyanfeng last solved a problem 1928 days ago
492,id_57242_,91,Erjin_Zhou last solved a problem 1172 days ago
493,id_1040363_,91,(zhuoliuzhou) last solved a problem 287 days ago
494,id_1184410_,91,manchery last solved a problem 208 days ago
495,id_462473_,91,mytbk last solved a problem 50 days ago
496,id_482142_,90,giantchen last solved a problem 1900 days ago
497,id_561614_,90,CandyZ last solved a problem 1543 days ago
498,id_643010_,90,tiger2fish last solved a problem 1373 days ago
499,id_655355_,90,(yangyuxuan) last solved a problem 1293 days ago
500,id_109254_,90,broots last solved a problem 1164 days ago
501,id_27114_,89,SunMoon last solved a problem 3821 days ago
502,id_117864_,89,haha_win7 last solved a problem 3098 days ago
503,id_39842_,89,patrol last solved a problem 2144 days ago
504,id_349040_,89,Golbez last solved a problem 2139 days ago
505,id_360277_,89,ipodfans last solved a problem 2117 days ago
506,id_146367_,89,WJMZBMR last solved a problem 1947 days ago
507,id_639531_,89,dwh last solved a problem 1265 days ago
508,id_226290_,89,Xihuan01 last solved a problem 1128 days ago
509,id_263122_,89,tieer last solved a problem 571 days ago
510,id_220832_,89,JMan_Zx last solved a problem 350 days ago
511,id_1022013_,89,(grossopa) last solved a problem 297 days ago
512,id_548185_,89,sjt last solved a problem 158 days ago
513,id_37406_,88,jinjing last solved a problem 3640 days ago
514,id_28156_,88,hywei last solved a problem 2323 days ago
515,id_23047_,88,saintqdd last solved a problem 1461 days ago
516,id_164659_,88,iambic last solved a problem 1365 days ago
517,id_644018_,88,yininggeta1 last solved a problem 531 days ago
518,id_482726_,88,Stilwell last solved a problem 164 days ago
519,id_21791_,88,mpouse last solved a problem 27 days ago
520,id_54653_,87,RichardCheng last solved a problem 3555 days ago
521,id_32182_,87,jinzhidong2539 last solved a problem 3455 days ago
522,id_51386_,87,snake0406 last solved a problem 3319 days ago
523,id_112551_,87,SsJia last solved a problem 2858 days ago
524,id_242888_,87,comaoe last solved a problem 2458 days ago
525,id_454857_,87,(nisec_eric) last solved a problem 1960 days ago
526,id_444006_,87,sgm0002003 last solved a problem 1893 days ago
527,id_368092_,87,jjwt last solved a problem 1610 days ago
528,id_453360_,87,kw120943839 last solved a problem 1585 days ago
529,id_109689_,87,thezero12 last solved a problem 665 days ago
530,id_372423_,87,founderfan last solved a problem 407 days ago
531,id_161152_,87,Dumbear last solved a problem 278 days ago
532,id_1006354_,87,fingerfly last solved a problem 233 days ago
533,id_417326_,87,kererchui last solved a problem 203 days ago
534,id_1258364_,87,25kaikai last solved a problem 188 days ago
535,id_563864_,87,goby last solved a problem 150 days ago
536,id_17238_,86,panda_lin last solved a problem 2741 days ago
537,id_203876_,86,chinshin last solved a problem 2704 days ago
538,id_131136_,86,yaac last solved a problem 2693 days ago
539,id_295829_,86,jieshuzheng last solved a problem 2332 days ago
540,id_54090_,86,hetong_007 last solved a problem 2259 days ago
541,id_481640_,86,icedream91 last solved a problem 1624 days ago
542,id_462862_,86,abbypan last solved a problem 268 days ago
543,id_217587_,85,HEU_xueyan last solved a problem 2483 days ago
544,id_305388_,85,nuhaiguhun last solved a problem 2352 days ago
545,id_208689_,85,chwang1986 last solved a problem 2272 days ago
546,id_342657_,85,bamboodragonfly last solved a problem 2253 days ago
547,id_394648_,85,donggua last solved a problem 2089 days ago
548,id_172539_,85,yummiii last solved a problem 2011 days ago
549,id_683125_,85,duanyann last solved a problem 1238 days ago
550,id_290845_,85,yizha last solved a problem 1124 days ago
551,id_400538_,85,lsc930625 last solved a problem 1117 days ago
552,id_987860_,85,wakemecn last solved a problem 748 days ago
553,id_971945_,85,Key_Wgh last solved a problem 696 days ago
554,id_1066563_,85,mywaythere last solved a problem 430 days ago
555,id_258207_,85,yangfandn last solved a problem 206 days ago
556,id_360385_,84,saucer2007 last solved a problem 2187 days ago
557,id_422831_,84,ruibz last solved a problem 1928 days ago
558,id_84681_,84,laotse last solved a problem 1763 days ago
559,id_214469_,84,zuopeng last solved a problem 1135 days ago
560,id_220907_,84,mlnwc last solved a problem 1133 days ago
561,id_9980_,84,leaveye last solved a problem 1082 days ago
562,id_826846_,84,(calvinxiao) last solved a problem 687 days ago
563,id_191838_,84,(xycuckoo) last solved a problem 598 days ago
564,id_871071_,84,(ylidb) last solved a problem 358 days ago
565,id_719087_,84,ikindlefire last solved a problem 230 days ago
566,id_129934_,83,Lozy last solved a problem 2323 days ago
567,id_413954_,83,(tntljc) last solved a problem 1988 days ago
568,id_510146_,83,cheuk-fung last solved a problem 1815 days ago
569,id_144498_,83,koonom last solved a problem 1674 days ago
570,id_648831_,83,(shibingyu) last solved a problem 1435 days ago
571,id_606909_,83,hongtengyin last solved a problem 1289 days ago
572,id_55324_,83,pierre200328 last solved a problem 1027 days ago
573,id_695522_,83,(Jie_HU) last solved a problem 814 days ago
574,id_579608_,83,jxyz123 last solved a problem 724 days ago
575,id_1167131_,83,OhHaHaHa last solved a problem 52 days ago
576,id_55254_,82,fdks last solved a problem 3511 days ago
577,id_25909_,82,sgi last solved a problem 2873 days ago
578,id_47856_,82,ghostknight last solved a problem 2376 days ago
579,id_294041_,82,zhaoda006 last solved a problem 2354 days ago
580,id_333624_,82,bladeralien last solved a problem 1603 days ago
581,id_475318_,82,kirklovy last solved a problem 1588 days ago
582,id_420653_,82,(zariskij) last solved a problem 1304 days ago
583,id_115883_,82,deepseawhale last solved a problem 1238 days ago
584,id_402341_,82,wyjail last solved a problem 1062 days ago
585,id_304374_,82,wanggen last solved a problem 982 days ago
586,id_526360_,82,(saijie) last solved a problem 818 days ago
587,id_510702_,82,fizban007 last solved a problem 792 days ago
588,id_1128080_,82,harrysun last solved a problem 489 days ago
589,id_998363_,82,zhuifengmu last solved a problem 343 days ago
590,id_29692_,81,henterji last solved a problem 3431 days ago
591,id_161529_,81,liquanwei last solved a problem 2733 days ago
592,id_42065_,81,rdcyash last solved a problem 2547 days ago
593,id_192999_,81,TNB last solved a problem 2371 days ago
594,id_384486_,81,DaiYang last solved a problem 2103 days ago
595,id_470854_,81,ishallfly last solved a problem 1931 days ago
596,id_421449_,81,aaronx last solved a problem 1764 days ago
597,id_391257_,81,cby12 last solved a problem 1429 days ago
598,id_655263_,81,fangx13 last solved a problem 1427 days ago
599,id_644056_,81,klusting last solved a problem 1417 days ago
600,id_310902_,81,(zhangzihao13) last solved a problem 1196 days ago
601,id_769698_,81,zhanghuan1994 last solved a problem 1138 days ago
602,id_204596_,81,RaidenDeng last solved a problem 826 days ago
603,id_490444_,81,(liuenze) last solved a problem 538 days ago
604,id_999471_,81,Jerryyuanyuan last solved a problem 115 days ago
605,id_732490_,81,zhengyi last solved a problem 87 days ago
606,id_533937_,81,lujing.zui last solved a problem 76 days ago
607,id_1278472_,81,WeirdBlack last solved a problem 7 days ago
608,id_10732_,80,qcshzihnus last solved a problem 3747 days ago
609,id_324253_,80,shenyan last solved a problem 2184 days ago
610,id_528724_,80,chzhn last solved a problem 1716 days ago
611,id_149721_,80,FPrince last solved a problem 951 days ago
612,id_559334_,80,yqpeng last solved a problem 764 days ago
613,id_1045332_,80,simonliu last solved a problem 647 days ago
614,id_1085357_,80,BUAA_Zihan_Zhang last solved a problem 538 days ago
615,id_434269_,80,oseau last solved a problem 505 days ago
616,id_585416_,80,Athlon64 last solved a problem 444 days ago
617,id_1165447_,80,yugangtian last solved a problem 358 days ago
618,id_1228943_,80,funfw last solved a problem 141 days ago
619,id_1244285_,80,xiqi last solved a problem 30 days ago
620,id_74124_,79,ralphwen last solved a problem 3180 days ago
621,id_261759_,79,sheng last solved a problem 2403 days ago
622,id_338527_,79,player2135 last solved a problem 2227 days ago
623,id_344575_,79,galaas last solved a problem 2186 days ago
624,id_309757_,79,loveSilence last solved a problem 2090 days ago
625,id_454962_,79,dzeng last solved a problem 1930 days ago
626,id_545118_,79,math715 last solved a problem 1746 days ago
627,id_331079_,79,zebras.wen last solved a problem 1717 days ago
628,id_416196_,79,(zclfly) last solved a problem 1423 days ago
629,id_303710_,79,theblind last solved a problem 1393 days ago
630,id_321578_,79,lll9p last solved a problem 1364 days ago
631,id_584499_,79,jyjz2008 last solved a problem 1250 days ago
632,id_589062_,79,shallpion last solved a problem 1223 days ago
633,id_826937_,79,GhostGui last solved a problem 630 days ago
634,id_505955_,79,(yannxia) last solved a problem 369 days ago
635,id_1358398_,79,zqy1018 last solved a problem within the past day
636,id_100608_,78,leoyan last solved a problem 3191 days ago
637,id_208087_,78,ssysong last solved a problem 2235 days ago
638,id_224295_,78,(guangchuangyu) last solved a problem 1904 days ago
639,id_459147_,78,venidicischeme last solved a problem 1764 days ago
640,id_106766_,78,flairpower last solved a problem 1674 days ago
641,id_525697_,78,do_ob last solved a problem 1610 days ago
642,id_513448_,78,Liew-Li last solved a problem 1543 days ago
643,id_741219_,78,arrowrowe last solved a problem 775 days ago
644,id_614106_,78,(phantoenix) last solved a problem 765 days ago
645,id_457978_,78,evalcony last solved a problem 457 days ago
646,id_1134281_,78,(zf_814) last solved a problem 343 days ago
647,id_644999_,78,Stomach_ache last solved a problem 239 days ago
648,id_1165473_,78,smsxgz last solved a problem 50 days ago
649,id_675173_,78,fanzhengchen last solved a problem 3 days ago
650,id_30160_,77,houdw last solved a problem 3292 days ago
651,id_106943_,77,fellatioyzx last solved a problem 3257 days ago
652,id_101882_,77,zxub last solved a problem 3232 days ago
653,id_36551_,77,mjy304122 last solved a problem 2171 days ago
654,id_226418_,77,Ryannnnnnn last solved a problem 1826 days ago
655,id_316787_,77,hcl67 last solved a problem 1745 days ago
656,id_771264_,77,bean17.cha last solved a problem 1068 days ago
657,id_211091_,77,(sytzz) last solved a problem 583 days ago
658,id_448094_,77,Rembau last solved a problem 332 days ago
659,id_326366_,77,alex4814 last solved a problem 312 days ago
660,id_847196_,77,AllenH last solved a problem 115 days ago
661,id_756889_,77,Westballz last solved a problem 77 days ago
662,id_1153679_,77,RanpoX last solved a problem 29 days ago
663,id_45010_,76,jefftymc last solved a problem 3609 days ago
664,id_52156_,76,fangyitang last solved a problem 3493 days ago
665,id_162055_,76,damnstout last solved a problem 2736 days ago
666,id_50188_,76,alai04 last solved a problem 2514 days ago
667,id_212901_,76,batito last solved a problem 2309 days ago
668,id_506868_,76,xiangxiaoyi last solved a problem 1723 days ago
669,id_646816_,76,(oiolyw) last solved a problem 1450 days ago
670,id_417976_,76,ooPh0ov7 last solved a problem 1418 days ago
671,id_278649_,76,funfriend last solved a problem 1372 days ago
672,id_744355_,76,flyasdfvcxz last solved a problem 1270 days ago
673,id_749658_,76,linxiaohui last solved a problem 1239 days ago
674,id_665899_,76,l910607 last solved a problem 1185 days ago
675,id_776425_,76,xusheng last solved a problem 1155 days ago
676,id_829281_,76,benniufeifei last solved a problem 983 days ago
677,id_65167_,76,zgw last solved a problem 925 days ago
678,id_608450_,76,josephok last solved a problem 574 days ago
679,id_504536_,76,Curio last solved a problem 527 days ago
680,id_653069_,76,openqt last solved a problem 413 days ago
681,id_1139006_,76,donny070 last solved a problem 309 days ago
682,id_569756_,76,killex last solved a problem 254 days ago
683,id_41930_,75,AcNono last solved a problem 3620 days ago
684,id_162830_,75,lynndon last solved a problem 2390 days ago
685,id_213203_,75,zhangyi last solved a problem 2340 days ago
686,id_334746_,75,tecton last solved a problem 2289 days ago
687,id_95645_,75,seaeagle last solved a problem 2249 days ago
688,id_197351_,75,ansys last solved a problem 2223 days ago
689,id_375763_,75,itellin last solved a problem 2140 days ago
690,id_50116_,75,azalea last solved a problem 2110 days ago
691,id_300071_,75,wish_master last solved a problem 1973 days ago
692,id_214791_,75,dearallan last solved a problem 1968 days ago
693,id_575685_,75,daiwhea last solved a problem 1645 days ago
694,id_671786_,75,uranuss8600 last solved a problem 1241 days ago
695,id_776131_,75,zedyang last solved a problem 1188 days ago
696,id_628560_,75,LukeEuler last solved a problem 1058 days ago
697,id_831876_,75,chiwah last solved a problem 1044 days ago
698,id_761068_,75,131131yhx last solved a problem 937 days ago
699,id_305418_,75,ysymyth last solved a problem 803 days ago
700,id_745402_,75,navigaid last solved a problem 785 days ago
701,id_868043_,75,mewing last solved a problem 418 days ago
702,id_84111_,75,Lizho last solved a problem 393 days ago
703,id_1058640_,75,liankai last solved a problem 223 days ago
704,id_731177_,75,Lozycs last solved a problem 154 days ago
705,id_302496_,75,(xieweiking) last solved a problem 122 days ago
706,id_1037480_,75,MrJingjie last solved a problem 10 days ago
707,id_82354_,74,Alicecy last solved a problem 3352 days ago
708,id_107749_,74,jingkrub last solved a problem 2861 days ago
709,id_213242_,74,yibiyuan last solved a problem 2142 days ago
710,id_115526_,74,upsuper last solved a problem 1161 days ago
711,id_661048_,74,meelo last solved a problem 1050 days ago
712,id_913366_,74,youqh last solved a problem 647 days ago
713,id_764344_,74,(myao) last solved a problem 576 days ago
714,id_903526_,74,dploop last solved a problem 281 days ago
715,id_1283015_,74,(strA) last solved a problem 32 days ago
716,id_648238_,74,StefanieLoveSun last solved a problem 27 days ago
717,id_9938_,73,heroboy last solved a problem 2878 days ago
718,id_32002_,73,wangyq841211 last solved a problem 1717 days ago
719,id_460005_,73,(yhcharles) last solved a problem 1527 days ago
720,id_575407_,73,hjq300 last solved a problem 1349 days ago
721,id_162817_,73,seafarer last solved a problem 1189 days ago
722,id_679890_,73,bbbht last solved a problem 888 days ago
723,id_165205_,73,phoenixwright last solved a problem 800 days ago
724,id_381211_,73,miaowu last solved a problem 676 days ago
725,id_49931_,73,bayes last solved a problem 559 days ago
726,id_945261_,73,swm_sxt last solved a problem 4 days ago
727,id_6613_,72,supertramp last solved a problem 3918 days ago
728,id_96651_,72,xeranic last solved a problem 3194 days ago
729,id_103678_,72,jdxyw last solved a problem 3138 days ago
730,id_31833_,72,sevenever last solved a problem 3001 days ago
731,id_50038_,72,calebx last solved a problem 2476 days ago
732,id_257925_,72,(calee2005) last solved a problem 2322 days ago
733,id_161020_,72,gucong last solved a problem 2139 days ago
734,id_538681_,72,taodu last solved a problem 1706 days ago
735,id_73065_,72,(qingfeng.xia) last solved a problem 1679 days ago
736,id_537540_,72,beigerice last solved a problem 1316 days ago
737,id_702085_,72,firebroo last solved a problem 1204 days ago
738,id_326706_,72,shilong last solved a problem 1120 days ago
739,id_837336_,72,Yx.Z last solved a problem 907 days ago
740,id_823471_,72,qoo_charly last solved a problem 734 days ago
741,id_926196_,72,Artichokey last solved a problem 460 days ago
742,id_820424_,72,(370781199507186512) last solved a problem 457 days ago
743,id_1241133_,72,SorosLiu last solved a problem 190 days ago
744,id_1233098_,72,panxy last solved a problem 121 days ago
745,id_34753_,72,(yizer) last solved a problem 62 days ago
746,id_121799_,71,Jesful last solved a problem 3094 days ago
747,id_164944_,71,sixu05202004 last solved a problem 2646 days ago
748,id_192594_,71,stingh711 last solved a problem 2184 days ago
749,id_25321_,71,redswallow last solved a problem 2162 days ago
750,id_444815_,71,wmy0927 last solved a problem 1990 days ago
751,id_498446_,71,python27 last solved a problem 1643 days ago
752,id_553866_,71,kylen314 last solved a problem 1620 days ago
753,id_545276_,71,venidicilisp last solved a problem 1281 days ago
754,id_397990_,71,w5s5j last solved a problem 1239 days ago
755,id_336739_,71,zjj609 last solved a problem 1100 days ago
756,id_510514_,71,domingoluis last solved a problem 736 days ago
757,id_999635_,71,mjy715189619 last solved a problem 560 days ago
758,id_1032136_,71,abelishi last solved a problem 256 days ago
759,id_715818_,71,tianlong.Z last solved a problem 88 days ago
760,id_1281956_,71,YukkuriC last solved a problem 34 days ago
761,id_98922_,70,liuexp last solved a problem 2376 days ago
762,id_50300_,70,(irachex) last solved a problem 2240 days ago
763,id_356093_,70,nevergiveup last solved a problem 2183 days ago
764,id_372920_,70,lds445304787 last solved a problem 2171 days ago
765,id_380335_,70,Miku_Daisuki last solved a problem 2033 days ago
766,id_101519_,70,E07610113 last solved a problem 2019 days ago
767,id_534743_,70,huangzht last solved a problem 1534 days ago
768,id_650287_,70,mxjki last solved a problem 1389 days ago
769,id_553424_,70,willz last solved a problem 1307 days ago
770,id_653725_,70,mengchengjiang last solved a problem 1199 days ago
771,id_961098_,70,singingplayer last solved a problem 707 days ago
772,id_753569_,70,oscar2001 last solved a problem 289 days ago
773,id_1159225_,70,neuromancer43 last solved a problem 177 days ago
774,id_371612_,70,(1429142566) last solved a problem 64 days ago
775,id_131162_,70,n-p last solved a problem 57 days ago
776,id_1084725_,70,spiedeman last solved a problem 24 days ago
777,id_405884_,70,(wuyanxue) last solved a problem 1 day ago
778,id_9864_,69,jinq0123 last solved a problem 3704 days ago
779,id_56572_,69,zfzhaha last solved a problem 3473 days ago
780,id_69094_,69,gelosie last solved a problem 3444 days ago
781,id_50294_,69,yangfun last solved a problem 3201 days ago
782,id_283601_,69,(gazelle) last solved a problem 2454 days ago
783,id_265950_,69,terryyin last solved a problem 2451 days ago
784,id_271486_,69,yinmaolin last solved a problem 2402 days ago
785,id_129615_,69,allenfantasy last solved a problem 2394 days ago
786,id_64719_,69,wwj_project_euler last solved a problem 2250 days ago
787,id_221213_,69,libralibra last solved a problem 2009 days ago
788,id_146199_,69,notonlysuccess last solved a problem 1969 days ago
789,id_509383_,69,eizoassik last solved a problem 1639 days ago
790,id_453436_,69,(wangimagine) last solved a problem 1545 days ago
791,id_161038_,69,sndnyangd last solved a problem 1460 days ago
792,id_398651_,69,maddoctor last solved a problem 1389 days ago
793,id_670234_,69,WDatou last solved a problem 1096 days ago
794,id_929174_,69,mulinsheng last solved a problem 836 days ago
795,id_907724_,69,travelalone last solved a problem 724 days ago
796,id_418317_,69,yuhao last solved a problem 518 days ago
797,id_529730_,69,foreseeable last solved a problem 443 days ago
798,id_1196612_,69,Frank990919 last solved a problem 168 days ago
799,id_459173_,69,lovememo last solved a problem 56 days ago
800,id_1207273_,69,wlh320 last solved a problem 36 days ago
801,id_24702_,68,yuhch123 last solved a problem 3466 days ago
802,id_94641_,68,yufu last solved a problem 2757 days ago
803,id_87250_,68,wlamos last solved a problem 2659 days ago
804,id_235076_,68,lczdtc last solved a problem 2604 days ago
805,id_101139_,68,angusdwhite last solved a problem 2540 days ago
806,id_10082_,68,sandorf last solved a problem 2477 days ago
807,id_470928_,68,gooooloo last solved a problem 1888 days ago
808,id_49748_,68,yangziqing last solved a problem 1876 days ago
809,id_373676_,68,LoverThinker last solved a problem 1753 days ago
810,id_22063_,68,fancy last solved a problem 1717 days ago
811,id_550664_,68,wwang034 last solved a problem 1637 days ago
812,id_616542_,68,123qweasd last solved a problem 1570 days ago
813,id_823344_,68,(ruimin1013) last solved a problem 1082 days ago
814,id_489470_,68,isaacpei last solved a problem 899 days ago
815,id_650063_,68,liukuo99 last solved a problem 762 days ago
816,id_1105083_,68,(benjaminzhou) last solved a problem 532 days ago
817,id_204989_,68,yzx226 last solved a problem 469 days ago
818,id_140355_,68,chyanog last solved a problem 379 days ago
819,id_430645_,68,(nju_jiangzhe) last solved a problem 342 days ago
820,id_917988_,68,buhiroshi0205 last solved a problem 136 days ago
821,id_1099651_,68,Spirit_Dongdong last solved a problem 129 days ago
822,id_1199514_,68,pythoner713 last solved a problem 103 days ago
823,id_31918_,67,turtlemax last solved a problem 3675 days ago
824,id_66836_,67,mbcheng last solved a problem 2860 days ago
825,id_290694_,67,reivzy last solved a problem 2412 days ago
826,id_285353_,67,veryfreebird last solved a problem 2402 days ago
827,id_253928_,67,fatman last solved a problem 2240 days ago
828,id_36820_,67,leonzhang last solved a problem 2167 days ago
829,id_399270_,67,shine_woo last solved a problem 2028 days ago
830,id_459947_,67,flyiop last solved a problem 1957 days ago
831,id_557790_,67,Frenzied last solved a problem 1634 days ago
832,id_317553_,67,Linbarto last solved a problem 1561 days ago
833,id_658837_,67,zlsun last solved a problem 1278 days ago
834,id_528210_,67,mil_mil_ju last solved a problem 1037 days ago
835,id_326656_,67,Merlininice last solved a problem 638 days ago
836,id_478175_,67,namgalsip last solved a problem 393 days ago
837,id_78325_,67,kylin last solved a problem 167 days ago
838,id_1308688_,67,qcf81 last solved a problem 68 days ago
839,id_293073_,67,jeffjoy last solved a problem within the past day
840,id_90440_,66,ttliu2000 last solved a problem 2902 days ago
841,id_152338_,66,kevinxiao last solved a problem 2516 days ago
842,id_283045_,66,zhiyuw last solved a problem 2213 days ago
843,id_207693_,66,Modular last solved a problem 2151 days ago
844,id_334093_,66,hornymoon last solved a problem 2064 days ago
845,id_323531_,66,(robertbeanbean) last solved a problem 2045 days ago
846,id_123689_,66,hezq last solved a problem 1975 days ago
847,id_271636_,66,doudoulh last solved a problem 1906 days ago
848,id_516559_,66,(Paracel_007) last solved a problem 1810 days ago
849,id_474421_,66,hao5ang last solved a problem 1771 days ago
850,id_602045_,66,(Liam0205) last solved a problem 1608 days ago
851,id_617390_,66,gaieepo last solved a problem 1554 days ago
852,id_232833_,66,(xiangningliu) last solved a problem 1318 days ago
853,id_718573_,66,cenalulu last solved a problem 1216 days ago
854,id_91582_,66,yxnsu last solved a problem 1175 days ago
855,id_570764_,66,Wizmann last solved a problem 724 days ago
856,id_88175_,66,sailaphair last solved a problem 589 days ago
857,id_596294_,66,braveTester last solved a problem 549 days ago
858,id_479374_,66,believe4216 last solved a problem 486 days ago
859,id_1024680_,66,Hackghost last solved a problem 388 days ago
860,id_413367_,66,(ioceanfish) last solved a problem 372 days ago
861,id_1183182_,66,DRA. last solved a problem 349 days ago
862,id_1168630_,66,moxiaoyan last solved a problem 345 days ago
863,id_633020_,66,cxmsqjh last solved a problem 154 days ago
864,id_130455_,66,sukhoi last solved a problem 34 days ago
865,id_99173_,65,woailvzi last solved a problem 3226 days ago
866,id_72569_,65,ultra last solved a problem 3174 days ago
867,id_99308_,65,10070709 last solved a problem 3135 days ago
868,id_327292_,65,(zhuzhidu) last solved a problem 2272 days ago
869,id_363629_,65,(lzrak47) last solved a problem 2193 days ago
870,id_232550_,65,paradox2 last solved a problem 2182 days ago
871,id_124402_,65,wangeuler009 last solved a problem 2141 days ago
872,id_417174_,65,dubdub last solved a problem 1962 days ago
873,id_320372_,65,forif last solved a problem 1896 days ago
874,id_320548_,65,CodeForces last solved a problem 1830 days ago
875,id_560402_,65,oswww last solved a problem 1689 days ago
876,id_386662_,65,ophunter last solved a problem 1585 days ago
877,id_421852_,65,(shunzi2013) last solved a problem 1583 days ago
878,id_57839_,65,sosi last solved a problem 1555 days ago
879,id_50532_,65,(evil_eve_live) last solved a problem 1554 days ago
880,id_515874_,65,wshzh last solved a problem 1456 days ago
881,id_564793_,65,(codercaspar) last solved a problem 1428 days ago
882,id_665295_,65,kevinwang6 last solved a problem 1360 days ago
883,id_702105_,65,glm112233 last solved a problem 1299 days ago
884,id_718314_,65,kiddliu last solved a problem 1212 days ago
885,id_755866_,65,bytecat last solved a problem 1102 days ago
886,id_217349_,65,srzyhead last solved a problem 1072 days ago
887,id_57060_,65,luocanfeng last solved a problem 694 days ago
888,id_179253_,65,Zhao1986 last solved a problem 620 days ago
889,id_990548_,65,bellscape last solved a problem 490 days ago
890,id_97222_,65,(daybreakcx) last solved a problem 447 days ago
891,id_1169109_,65,YTOM last solved a problem 366 days ago
892,id_183885_,65,BigTailFox last solved a problem 248 days ago
893,id_1287389_,65,zhuxi2333 last solved a problem 112 days ago
894,id_202794_,65,johnsonye last solved a problem 110 days ago
895,id_84151_,64,nimda last solved a problem 3424 days ago
896,id_160998_,64,dey last solved a problem 2843 days ago
897,id_161355_,64,murenjiwen last solved a problem 2728 days ago
898,id_279772_,64,bitwsf last solved a problem 2156 days ago
899,id_317810_,64,runningHoly last solved a problem 2046 days ago
900,id_448026_,64,wolf76 last solved a problem 1841 days ago
901,id_241715_,64,Cloud_M last solved a problem 1832 days ago
902,id_430659_,64,Shangke7788 last solved a problem 1612 days ago
903,id_487913_,64,(coolplay) last solved a problem 1366 days ago
904,id_699005_,64,122624 last solved a problem 1231 days ago
905,id_658272_,64,(cqnote) last solved a problem 788 days ago
906,id_494898_,64,zydiig last solved a problem 332 days ago
907,id_1191509_,64,lv_ye233 last solved a problem 297 days ago
908,id_494771_,64,halfword last solved a problem 246 days ago
909,id_653700_,64,miaoz last solved a problem 128 days ago
910,id_1175079_,64,daguo last solved a problem 114 days ago
911,id_326622_,64,Sagazty last solved a problem 53 days ago
912,id_175235_,63,yinzhijiao last solved a problem 2861 days ago
913,id_146746_,63,skyrain last solved a problem 2801 days ago
914,id_124553_,63,(zglloo) last solved a problem 2716 days ago
915,id_181734_,63,wu_clark last solved a problem 2194 days ago
916,id_253306_,63,hyh1048576 last solved a problem 2193 days ago
917,id_273683_,63,(quarker) last solved a problem 2045 days ago
918,id_382402_,63,julia_b last solved a problem 2031 days ago
919,id_376996_,63,venidici last solved a problem 1934 days ago
920,id_401656_,63,Marco_Qiu last solved a problem 1919 days ago
921,id_423715_,63,(michaelalan) last solved a problem 1900 days ago
922,id_381628_,63,arsenal last solved a problem 1855 days ago
923,id_510905_,63,lasteye last solved a problem 1758 days ago
924,id_83831_,63,(hysgdtc) last solved a problem 1605 days ago
925,id_503573_,63,brotherBai last solved a problem 1570 days ago
926,id_654212_,63,liaoqb last solved a problem 1431 days ago
927,id_455049_,63,(JarvisChu) last solved a problem 1326 days ago
928,id_721109_,63,LRY last solved a problem 1309 days ago
929,id_196362_,63,(shouya) last solved a problem 1244 days ago
930,id_724966_,63,lijiali last solved a problem 1213 days ago
931,id_747940_,63,Freefighter last solved a problem 1076 days ago
932,id_940540_,63,huayd last solved a problem 822 days ago
933,id_841936_,63,zhengtn03 last solved a problem 756 days ago
934,id_789167_,63,pr0grammer last solved a problem 618 days ago
935,id_1054080_,63,lonely_boy last solved a problem 605 days ago
936,id_471302_,63,jcvb last solved a problem 353 days ago
937,id_1079059_,63,ruidaxie last solved a problem 301 days ago
938,id_385307_,63,wangdg last solved a problem 224 days ago
939,id_378277_,63,liouzhou_101 last solved a problem 156 days ago
940,id_999076_,63,NMfloat last solved a problem 140 days ago
941,id_32255_,62,boosting last solved a problem 3744 days ago
942,id_27797_,62,bedscape last solved a problem 3505 days ago
943,id_222930_,62,liuxinyu last solved a problem 2583 days ago
944,id_320916_,62,heitu016 last solved a problem 2210 days ago
945,id_400488_,62,cwyalpha last solved a problem 2085 days ago
946,id_499062_,62,sxsfxx last solved a problem 1824 days ago
947,id_701594_,62,fangzhouzi last solved a problem 1293 days ago
948,id_724198_,62,1372574643 last solved a problem 1202 days ago
949,id_807762_,62,vectorchange last solved a problem 881 days ago
950,id_828684_,62,Jontheroad last solved a problem 830 days ago
951,id_172654_,62,Syugen last solved a problem 821 days ago
952,id_863704_,62,yiyuezhuo last solved a problem 747 days ago
953,id_452828_,62,lipache last solved a problem 721 days ago
954,id_1113034_,62,RollingBack last solved a problem 442 days ago
955,id_1197505_,62,jstztzy last solved a problem 270 days ago
956,id_1009531_,62,Alexander_Zeng last solved a problem 88 days ago
957,id_1129164_,62,XzzF last solved a problem 9 days ago
958,id_65171_,61,benben last solved a problem 3528 days ago
959,id_92035_,61,deathnju last solved a problem 3342 days ago
960,id_98555_,61,somhtong last solved a problem 3097 days ago
961,id_114947_,61,kueiwoodwolf last solved a problem 2806 days ago
962,id_165002_,61,shurenjiuge last solved a problem 2729 days ago
963,id_21446_,61,honcent last solved a problem 2676 days ago
964,id_109266_,61,ganlu last solved a problem 2459 days ago
965,id_293963_,61,yichun last solved a problem 2392 days ago
966,id_292209_,61,ienzhang last solved a problem 2387 days ago
967,id_165163_,61,liulingling last solved a problem 2164 days ago
968,id_367419_,61,(chenzhd2005) last solved a problem 2099 days ago
969,id_183107_,61,(kui) last solved a problem 2089 days ago
970,id_388537_,61,wyk last solved a problem 1917 days ago
971,id_63097_,61,(xay) last solved a problem 1900 days ago
972,id_386718_,61,Likk last solved a problem 1871 days ago
973,id_498485_,61,mstar last solved a problem 1843 days ago
974,id_521759_,61,xuusheng last solved a problem 1718 days ago
975,id_518863_,61,howtofly last solved a problem 1678 days ago
976,id_623668_,61,eastdog last solved a problem 1457 days ago
977,id_491408_,61,asd321fgh678 last solved a problem 1389 days ago
978,id_181595_,61,romain_li last solved a problem 1351 days ago
979,id_614991_,61,omydudu last solved a problem 1225 days ago
980,id_683087_,61,toxedo last solved a problem 1071 days ago
981,id_213208_,61,0x1f last solved a problem 1021 days ago
982,id_320080_,61,angelloego last solved a problem 874 days ago
983,id_68395_,61,lifeng last solved a problem 870 days ago
984,id_1079854_,61,zcy_coder last solved a problem 500 days ago
985,id_1191405_,61,sdwwld last solved a problem 332 days ago
986,id_366979_,61,leihao last solved a problem 301 days ago
987,id_489985_,61,mzone616 last solved a problem 284 days ago
988,id_809839_,61,Hou-Rui last solved a problem 67 days ago
989,id_27138_,60,xjliyiru last solved a problem 3722 days ago
990,id_40980_,60,terens last solved a problem 3615 days ago
991,id_68873_,60,FreddyMusic last solved a problem 3162 days ago
992,id_130722_,60,ablmf last solved a problem 3087 days ago
993,id_165829_,60,kuangxiangjie last solved a problem 2871 days ago
994,id_184504_,60,honnix last solved a problem 2387 days ago
995,id_26559_,60,latioswang last solved a problem 2167 days ago
996,id_394788_,60,(lefthook) last solved a problem 2074 days ago
997,id_429329_,60,caiknife last solved a problem 2016 days ago
998,id_388067_,60,(tw4452852) last solved a problem 2010 days ago
999,id_271581_,60,JimmyZ last solved a problem 1968 days ago
1000,id_265686_,60,icersg last solved a problem 1875 days ago
