|-------+----------------------------------+--------+---------|
|  rank | name                             | solved | recent  |
|-------+----------------------------------+--------+---------|
|  1=   | utomaya                          | 600+   | 5       |
|  1=   | inamori                          | 600+   | 7       |
|  1=   | uwi                              | 600+   | 5       |
|  1=   | Min_25                           | 600+   | 5       |
|  5    | haruya                           | 557    | 3       |
|  6    | ax8529221                        | 506    | 5       |
|  7    | triceps                          | 486    | 1174    |
|  8    | xsd                              | 483    | 102     |
|  9    | jun0                             | 473    | 1355    |
|  10   | chaemon                          | 439    | 726     |
|  11   | rokusuke                         | 437    | 5       |
|  12   | ariom44                          | 421    | 14      |
|  13   | jujaji                           | 412    | 505     |
|  14   | rng_58                           | 404    | 1804    |
|  15   | maikaze                          | 404    | 2       |
|  16   | hidesugar                        | 394    | 25      |
|  17   | __math                           | 391    | 503     |
|  18   | maspuyo                          | 384    | 440     |
|  19   | Takai                            | 383    | 2193    |
|  20   | tsuchiya.yoshihiro               | 383    | 440     |
|  21   | kozima                           | 383    | 1       |
|  22   | touma                            | 382    | 41      |
|  23   | niino                            | 378    | 1650    |
|  24   | manman                           | 367    | 168     |
|  25   | Kawazoe                          | 360    | 1887    |
|  26   | jeneshicc                        | 357    | 1191    |
|  27   | sarasouju                        | 344    | 392     |
|  28   | hakase                           | 333    | 2264    |
|  29   | herumi                           | 328    | 1704    |
|  30   | SANSEN                           | 327    | 8       |
|  31   | lycaste                          | 326    | 0       |
|  32   | natsugiri                        | 319    | 292     |
|  33   | (garnacha)                       | 319    | 0       |
|  34   | mame                             | 318    | 2527    |
|  35   | tokoharu                         | 310    | 494     |
|  36   | (Lenqth)                         | 303    | 160     |
|  37   | (TatsuDX)                        | 303    | 41      |
|  38   | imgry22                          | 300    | 12      |
|  39   | kyusuke                          | 299    | 1842    |
|  40   | naoya_t                          | 299    | 886     |
|  41   | pp6pk                            | 296    | 143     |
|  42   | stqn                             | 288    | 1187    |
|  43   | koji_t                           | 283    | 900     |
|  44   | kaoru                            | 281    | 2874    |
|  45   | nu4nu                            | 281    | 296     |
|  46   | ko12345                          | 280    | 1077    |
|  47   | yasuyuki_abe                     | 275    | 158     |
|  48   | sO3SrLCr4Rqb00Zr4nIYCVBPZ_oFimST | 274    | 2       |
|  49   | airobo                           | 273    | 4       |
|  50   | tak                              | 270    | 1722    |
|  51   | cddddr                           | 269    | 1437    |
|  52   | steelydon                        | 265    | 1975    |
|  53   | Mi_Sawa                          | 264    | 1126    |
|  54   | my316g                           | 262    | 17      |
|  55   | walkover                         | 261    | 451     |
|  56   | Rio                              | 259    | 3068    |
|  57   | aitdccd                          | 258    | 65      |
|  58   | ecottea                          | 257    | 1008    |
|  59   | rst76                            | 252    | 3282    |
|  60   | tbsk                             | 250    | 2684    |
|  61   | T_GYOUTEN                        | 247    | 2368    |
|  62   | ush                              | 247    | 1288    |
|  63   | homuler                          | 245    | 1440    |
|  64   | tomerun                          | 245    | 607     |
|  65   | yamaguch                         | 245    | 55      |
|  66   | sinapusu2002                     | 236    | 973     |
|  67   | yambi                            | 235    | 2626    |
|  68   | ebiel                            | 228    | 873     |
|  69   | funnything                       | 225    | 1252    |
|  70   | minke                            | 223    | 3518    |
|  71   | kinaba                           | 223    | 3509    |
|  72   | ocean-city                       | 223    | 2623    |
|  73   | takamura                         | 223    | 88      |
|  74   | oxy                              | 222    | 2591    |
|  75   | (NORI_2)                         | 222    | 582     |
|  76   | fksw                             | 222    | 2       |
|  77   | m-riho                           | 221    | 630     |
|  78   | Chates0705                       | 221    | 587     |
|  79   | konoyono_subetega_nikui          | 220    | 958     |
|  80   | LayCurse                         | 220    | 474     |
|  81   | OKUDA_Yoshifumi                  | 218    | 102     |
|  82   | kunkun                           | 217    | 2769    |
|  83   | isomura                          | 217    | 361     |
|  84   | akihiro4chawon                   | 215    | 2459    |
|  85   | ryomiya                          | 213    | 3       |
|  86   | reirei_As                        | 212    | 177     |
|  87   | miyano                           | 209    | 352     |
|  88   | chromia                          | 205    | 61      |
|  89   | square1001                       | 204    | 61      |
|  90   | Naoki_M                          | 202    | 717     |
|  91   | tk2                              | 200    | 914     |
|  92   | fummy64                          | 199    | 2456    |
|  93   | simorin                          | 198    | 138     |
|  94   | shaoling                         | 193    | 2028    |
|  95   | hirose                           | 192    | 75      |
|  96   | nagihito                         | 191    | 1325    |
|  97   | nomeaning                        | 191    | 1018    |
|  98   | kerike                           | 191    | 658     |
|  99   | y2q_actionman                    | 190    | 2493    |
|  100  | halwhite                         | 190    | 2474    |
|  101  | hariharsha                       | 188    | 43      |
|  102  | taku0344028                      | 186    | 2022    |
|  103  | asaq                             | 186    | 1800    |
|  104  | JeromeLefebvre                   | 184    | 1048    |
|  105  | from-nuis                        | 184    | 1       |
|  106  | J_A                              | 183    | 2857    |
|  107  | nekosenyo                        | 183    | 498     |
|  108  | shinichi                         | 181    | 1201    |
|  109  | ludimma                          | 180    | 700     |
|  110  | yumichi                          | 179    | 1797    |
|  111  | ogiekako                         | 179    | 1322    |
|  112  | tsb                              | 178    | 2383    |
|  113  | KenjiH                           | 178    | 1205    |
|  114  | kentaro.wakai                    | 178    | 74      |
|  115  | cojna                            | 177    | 1919    |
|  116  | tar0t                            | 177    | 419     |
|  117  | syasuda                          | 177    | 162     |
|  118  | akira.08280                      | 176    | 1105    |
|  119  | (takayuki.ohata)                 | 176    | 629     |
|  120  | kobayashikorio                   | 175    | 624     |
|  121  | askaky                           | 173    | 1532    |
|  122  | carpenter_bee                    | 172    | 412     |
|  123  | letter                           | 170    | 3697    |
|  124  | faryad                           | 169    | 880     |
|  125  | gomis                            | 169    | 92      |
|  126  | Masaki                           | 168    | 1194    |
|  127  | Ark__                            | 168    | 262     |
|  128  | Kurayu                           | 167    | 1159    |
|  129  | sakky711                         | 167    | 411     |
|  130  | kik                              | 166    | 2939    |
|  131  | yamato                           | 166    | 1425    |
|  132  | kikai                            | 166    | 1238    |
|  133  | isizakit                         | 165    | 3332    |
|  134  | reipan                           | 165    | 2104    |
|  135  | moon_watcher                     | 165    | 610     |
|  136  | peria                            | 165    | 533     |
|  137  | Pachicobue                       | 165    | 133     |
|  138  | nobu_k                           | 163    | 3696    |
|  139  | uti2013                          | 163    | 1958    |
|  140  | suj2to                           | 163    | 332     |
|  141  | Okamitsu                         | 162    | 208     |
|  142  | yudedako                         | 162    | 51      |
|  143  | kurikuri999                      | 160    | 291     |
|  144  | 2ndmk2                           | 158    | 1686    |
|  145  | trinitrotoluene                  | 157    | 1452    |
|  146  | takonoashi                       | 157    | 763     |
|  147  | deltacat                         | 157    | 55      |
|  148  | (utmath)                         | 157    | 4       |
|  149  | foota                            | 156    | 2995    |
|  150  | mei_narou                        | 156    | 324     |
|  151  | altnelico1                       | 156    | 63      |
|  152  | yatt                             | 155    | 2025    |
|  153  | taiji                            | 155    | 2003    |
|  154  | peanutsjamjam                    | 154    | 1914    |
|  155  | zawisha                          | 154    | 89      |
|  156  | hidetakak2                       | 154    | 2       |
|  157  | nogz                             | 153    | 2677    |
|  158  | pprk                             | 153    | 2569    |
|  159  | shimizu1950                      | 153    | 2535    |
|  160  | makkin-2                         | 152    | 613     |
|  161  | todo                             | 152    | 90      |
|  162  | katsu33                          | 151    | 2028    |
|  163  | arkhe                            | 151    | 532     |
|  164  | noriok                           | 151    | 61      |
|  165  | shuyo                            | 150    | 2825    |
|  166  | takayuki                         | 150    | 2779    |
|  167  | hm00061                          | 150    | 2722    |
|  168  | nisshy                           | 150    | 1278    |
|  169  | fooractal                        | 150    | 452     |
|  170  | masaaki                          | 148    | 1744    |
|  171  | (pute293)                        | 148    | 1131    |
|  172  | itchyny                          | 148    | 942     |
|  173  | kinjo.yukari                     | 148    | 603     |
|  174  | clotz.sugar                      | 148    | 255     |
|  175  | kyunkyun                         | 147    | 1523    |
|  176  | nobsun                           | 146    | 2568    |
|  177  | magickmaster                     | 146    | 1718    |
|  178  | akipom                           | 146    | 211     |
|  179  | TakahisaC7                       | 146    | 184     |
|  180  | mune.k                           | 145    | 1639    |
|  181  | tounai                           | 145    | 1422    |
|  182  | leafmoon                         | 145    | 1030    |
|  183  | maehrm                           | 145    | 790     |
|  184  | kei10in                          | 145    | 754     |
|  185  | srd7                             | 145    | 683     |
|  186  | Yuichiroh                        | 145    | 296     |
|  187  | 186                              | 144    | 2692    |
|  188  | kimit                            | 144    | 997     |
|  189  | xyz600                           | 144    | 354     |
|  190  | lpocean                          | 143    | 2613    |
|  191  | (mikeCAT)                        | 143    | 1330    |
|  192  | senna                            | 142    | 3498    |
|  193  | (NokubiTadaharu)                 | 142    | 2099    |
|  194  | oteru50                          | 141    | 70      |
|  195  | okagawa                          | 140    | 2601    |
|  196  | masahiroakiko                    | 140    | 2556    |
|  197  | ksmakoto                         | 140    | 2449    |
|  198  | lynx                             | 140    | 953     |
|  199  | kyomei                           | 140    | 465     |
|  200  | penetole                         | 139    | 1332    |
|  201  | Keno42                           | 139    | 557     |
|  202  | jyokun                           | 139    | 128     |
|  203  | tarumi                           | 138    | 1371    |
|  204  | riktor                           | 137    | 2141    |
|  205  | gifnksm                          | 137    | 1099    |
|  206  | alpicola                         | 136    | 2141    |
|  207  | yasmat                           | 136    | 1071    |
|  208  | (zeppeki)                        | 136    | 758     |
|  209  | nase                             | 134    | 2829    |
|  210  | whitypig                         | 134    | 2333    |
|  211  | okazaki                          | 134    | 2024    |
|  212  | deep_blue                        | 133    | 2804    |
|  213  | take4310                         | 133    | 1851    |
|  214  | norio                            | 133    | 1435    |
|  215  | 61mg                             | 133    | 1012    |
|  216  | koshian2                         | 132    | 2612    |
|  217  | Koi                              | 132    | 611     |
|  218  | tomori_nyao                      | 132    | 494     |
|  219  | y.nishida                        | 132    | 299     |
|  220  | echizen_tm                       | 131    | 2607    |
|  221  | tcptr                            | 131    | 2147    |
|  222  | machy                            | 131    | 1788    |
|  223  | todaemon                         | 131    | 238     |
|  224  | t5tmy                            | 131    | 72      |
|  225  | hoge                             | 130    | 3091    |
|  226  | Kouichi_Nakagawa                 | 130    | 1402    |
|  227  | wataken44                        | 130    | 1277    |
|  228  | pekempey                         | 130    | 144     |
|  229  | schrodin                         | 129    | 3400    |
|  230  | DENAM                            | 129    | 1538    |
|  231  | ksato                            | 129    | 1437    |
|  232  | tkyjhr                           | 128    | 2349    |
|  233  | corbeaux                         | 128    | 2328    |
|  234  | hnw                              | 128    | 799     |
|  235  | hadrori                          | 128    | 732     |
|  236  | hide8                            | 128    | 412     |
|  237  | TangentDay                       | 128    | 335     |
|  238  | khammer                          | 127    | 3023    |
|  239  | eoi                              | 127    | 2402    |
|  240  | mugenen                          | 127    | 1803    |
|  241  | choyotaura                       | 127    | 1246    |
|  242  | z_kro                            | 127    | 1128    |
|  243  | hiromi_ayase                     | 127    | 575     |
|  244  | (taijin0721)                     | 127    | 380     |
|  245  | kosakkun                         | 127    | 276     |
|  246  | hachimura                        | 126    | 3285    |
|  247  | osa_k                            | 126    | 1422    |
|  248  | xy_nak_hs                        | 126    | 1021    |
|  249  | haseguwa                         | 126    | 265     |
|  250  | (ProjectSeagull)                 | 126    | 21      |
|  251  | yabuki                           | 125    | 562     |
|  252  | komkom3141                       | 125    | 515     |
|  253  | kazushi                          | 125    | 62      |
|  254  | soz0345hooky                     | 124    | 3273    |
|  255  | dton                             | 124    | 2595    |
|  256  | fvbb431                          | 124    | 996     |
|  257  | aquazul                          | 124    | 356     |
|  258  | mamekin                          | 123    | 2119    |
|  259  | nagaoka                          | 123    | 147     |
|  260  | key                              | 122    | 2988    |
|  261  | AMIO                             | 122    | 964     |
|  262  | likr                             | 121    | 2290    |
|  263  | fujiwara                         | 121    | 1258    |
|  264  | pinefield                        | 120    | 2299    |
|  265  | caesark                          | 120    | 1214    |
|  266  | AtsushiNagaoka                   | 120    | 396     |
|  267  | bQKuAy26                         | 120    | 127     |
|  268  | odz                              | 119    | 3570    |
|  269  | masahiro.sakai                   | 119    | 3065    |
|  270  | tnoda                            | 119    | 1886    |
|  271  | ogahide                          | 118    | 2347    |
|  272  | yoshimoto                        | 118    | 1865    |
|  273  | tasusu                           | 118    | 1738    |
|  274  | nishi6                           | 118    | 1326    |
|  275  | x2357                            | 118    | 1265    |
|  276  | rabbit_TR                        | 118    | 432     |
|  277  | qrrakakh                         | 117    | 2133    |
|  278  | kinoh                            | 117    | 2071    |
|  279  | kroton                           | 117    | 1891    |
|  280  | nissingeppo                      | 116    | 2193    |
|  281  | ttu_hs                           | 116    | 1581    |
|  282  | maesiro                          | 116    | 1441    |
|  283  | Koshin                           | 116    | 529     |
|  284  | TetsuyaIzu                       | 116    | 348     |
|  285  | patterl                          | 115    | 2866    |
|  286  | kinketu                          | 115    | 1692    |
|  287  | szxnkl                           | 115    | 1367    |
|  288  | suroyuu                          | 114    | 3593    |
|  289  | phji                             | 114    | 3549    |
|  290  | tkhiguchi                        | 114    | 2599    |
|  291  | Toyoashihara                     | 114    | 521     |
|  292  | hogeover30                       | 114    | 273     |
|  293  | kyouso                           | 113    | 2964    |
|  294  | pudeyuki                         | 113    | 2878    |
|  295  | IMOKURI                          | 113    | 1577    |
|  296  | ktaobo                           | 113    | 1558    |
|  297  | (root16)                         | 113    | 97      |
|  298  | noppo                            | 113    | 94      |
|  299  | hmakino                          | 112    | 3316    |
|  300  | unagi                            | 112    | 2974    |
|  301  | ichirin                          | 112    | 2784    |
|  302  | tos.lunar                        | 112    | 2645    |
|  303  | miki16g                          | 112    | 1152    |
|  304  | osushi                           | 112    | 84      |
|  305  | dahui                            | 110    | 3680    |
|  306  | smat                             | 110    | 2406    |
|  307  | hata                             | 110    | 1858    |
|  308  | aki_rubix                        | 110    | 1612    |
|  309  | gtom                             | 110    | 1592    |
|  310  | tosan1984                        | 110    | 1545    |
|  311  | msylw                            | 110    | 1390    |
|  312  | yuizumi                          | 110    | 536     |
|  313  | plonk                            | 110    | 505     |
|  314  | rydia001                         | 110    | 58      |
|  315  | kogumamisha                      | 109    | 2165    |
|  316  | mcU3bWAV                         | 109    | 1322    |
|  317  | saki                             | 109    | 902     |
|  318  | ryochan                          | 109    | 269     |
|  319  | yamatchan                        | 108    | 1403    |
|  320  | kazutanaka                       | 108    | 1322    |
|  321  | okaduki                          | 108    | 1089    |
|  322  | ma0001                           | 107    | 2929    |
|  323  | tatsuyafw                        | 107    | 2535    |
|  324  | takane                           | 107    | 2357    |
|  325  | qfa                              | 107    | 1959    |
|  326  | yowa                             | 107    | 1812    |
|  327  | wotsushi                         | 107    | 1260    |
|  328  | matsulib                         | 107    | 1258    |
|  329  | mirac                            | 107    | 530     |
|  330  | tjake                            | 107    | 440     |
|  331  | njellyfish                       | 107    | 328     |
|  332  | pora_myodra                      | 106    | 1297    |
|  333  | ryo.i                            | 106    | 64      |
|  334  | ichyet                           | 105    | 3473    |
|  335  | nineties                         | 105    | 2677    |
|  336  | pgf2                             | 105    | 2442    |
|  337  | naoki.kp                         | 105    | 1803    |
|  338  | piyoko_212                       | 105    | 1047    |
|  339  | yz                               | 104    | 3480    |
|  340  | DA_BOSE                          | 104    | 2877    |
|  341  | lispest                          | 104    | 2111    |
|  342  | fluffyowl                        | 104    | 1754    |
|  343  | skobayas                         | 104    | 1724    |
|  344  | Susisu                           | 104    | 1268    |
|  345  | Suzaku                           | 104    | 1241    |
|  346  | jame_sparker                     | 104    | 468     |
|  347  | stmasa2016                       | 104    | 340     |
|  348  | nishinojunji                     | 104    | 51      |
|  349  | k87                              | 104    | 0       |
|  350  | jun-s                            | 103    | 3773    |
|  351  | mshkh                            | 103    | 3430    |
|  352  | wand125                          | 103    | 2390    |
|  353  | zono244                          | 103    | 2233    |
|  354  | gnatpj0614                       | 103    | 975     |
|  355  | d_nishiyama                      | 103    | 623     |
|  356  | UmeyaMann                        | 103    | 485     |
|  357  | hellowd                          | 103    | 219     |
|  358  | namakemono                       | 103    | 178     |
|  359  | s10d                             | 102    | 2876    |
|  360  | kogecoo                          | 102    | 1834    |
|  361  | soukana                          | 102    | 1557    |
|  362  | takaiy                           | 102    | 1148    |
|  363  | joll                             | 102    | 349     |
|  364  | zinc                             | 101    | 3617    |
|  365  | yutaka_j                         | 101    | 2286    |
|  366  | nomnel                           | 101    | 2235    |
|  367  | 213R                             | 101    | 1901    |
|  368  | sys979                           | 101    | 1710    |
|  369  | keiji-mu                         | 101    | 590     |
|  370  | snuf_kin                         | 101    | 214     |
|  371  | tknob3                           | 101    | 2       |
|  372  | fumi                             | 100    | 3481    |
|  373  | m_Phantom                        | 100    | 3480    |
|  374  | taichiu                          | 100    | 3002    |
|  375  | shnya                            | 100    | 2666    |
|  376  | termat                           | 100    | 2657    |
|  377  | yuta25                           | 100    | 2530    |
|  378  | (INATA)                          | 100    | 2378    |
|  379  | kanensei                         | 100    | 2260    |
|  380  | matsuta                          | 100    | 1906    |
|  381  | battamon                         | 100    | 1887    |
|  382  | hotpepsi                         | 100    | 1806    |
|  383  | mikami                           | 100    | 1431    |
|  384  | (rhyean8)                        | 100    | 1420    |
|  385  | okanonet                         | 100    | 1177    |
|  386  | Zauberer                         | 100    | 993     |
|  387  | yama                             | 100    | 492     |
|  388  | schwarznecken                    | 100    | 333     |
|  389  | (asattely)                       | 100    | 176     |
|  390  | tsutomu                          | 99     | 3280    |
|  391  | solitary7bd                      | 99     | 1968    |
|  392  | seto                             | 99     | 1570    |
|  393  | yskcon                           | 99     | 1542    |
|  394  | maeshiro                         | 99     | 281     |
|  395  | 1tk                              | 98     | 3753    |
|  396  | xy_nak_jl                        | 98     | 392     |
|  397  | dryaemon                         | 98     | 222     |
|  398  | mokos                            | 97     | 3478    |
|  399  | condotti                         | 97     | 3309    |
|  400  | suppy193                         | 97     | 538     |
|  401  | isato                            | 96     | 2738    |
|  402  | tanzaku                          | 96     | 1355    |
|  403  | norisuke                         | 96     | 699     |
|  404  | yuzupom                          | 96     | 592     |
|  405  | huwakun                          | 96     | 62      |
|  406  | electrolysis                     | 95     | 3411    |
|  407  | mi-chang                         | 95     | 3335    |
|  408  | subaru                           | 95     | 3269    |
|  409  | hs484                            | 95     | 1803    |
|  410  | catindog                         | 95     | 943     |
|  411  | mayoko                           | 95     | 518     |
|  412  | narita                           | 95     | 269     |
|  413  | dshiota                          | 95     | 135     |
|  414  | expajp                           | 95     | 21      |
|  415  | wanson                           | 94     | 3286    |
|  416  | t-uchida                         | 94     | 2796    |
|  417  | takfjt                           | 94     | 2551    |
|  418  | na2hiro                          | 94     | 1686    |
|  419  | muupan                           | 94     | 1577    |
|  420  | onigiri11235                     | 94     | 532     |
|  421  | kawasaki                         | 94     | 199     |
|  422  | kono                             | 94     | 196     |
|  423  | mena_nann                        | 94     | 122     |
|  424  | tomicchie                        | 93     | 1909    |
|  425  | vineyoshi                        | 93     | 966     |
|  426  | E869120                          | 93     | 717     |
|  427  | lotz                             | 93     | 632     |
|  428  | hogehoge                         | 93     | 530     |
|  429  | Szigeta                          | 93     | 99      |
|  430  | supiar17                         | 92     | 3265    |
|  431  | folsena                          | 92     | 2346    |
|  432  | _iota                            | 92     | 1698    |
|  433  | kajibo                           | 92     | 1608    |
|  434  | asi1024                          | 92     | 562     |
|  435  | napaa                            | 92     | 180     |
|  436  | (ref4d)                          | 92     | 108     |
|  437  | Konno_Ryo                        | 92     | 67      |
|  438  | perfec                           | 91     | 3514    |
|  439  | miyabiarts                       | 91     | 2641    |
|  440  | nagatomutu                       | 91     | 2620    |
|  441  | killy971                         | 91     | 1629    |
|  442  | ichyo                            | 91     | 1187    |
|  443  | intestine                        | 91     | 628     |
|  444  | Lycoris_i                        | 91     | 230     |
|  445  | hubtoyo                          | 90     | 3003    |
|  446  | eagletmt                         | 90     | 2846    |
|  447  | korieru                          | 90     | 2546    |
|  448  | meltice                          | 90     | 2458    |
|  449  | phyllo                           | 90     | 1965    |
|  450  | merom686                         | 90     | 1835    |
|  451  | _koji                            | 90     | 671     |
|  452  | Hidemaro                         | 89     | 3246    |
|  453  | Brenhilt                         | 89     | 1798    |
|  454  | hjk                              | 89     | 1453    |
|  455  | gfaogr123                        | 89     | 1395    |
|  456  | seikichi                         | 89     | 1362    |
|  457  | tomoki                           | 89     | 880     |
|  458  | pit_viper                        | 89     | 864     |
|  459  | NAKAJIMA_Junichi                 | 89     | 699     |
|  460  | coricozizi                       | 89     | 456     |
|  461  | kodama417                        | 89     | 346     |
|  462  | graySpace999                     | 88     | 3514    |
|  463  | nida                             | 88     | 3098    |
|  464  | abeken713                        | 88     | 1308    |
|  465  | onuma                            | 88     | 1091    |
|  466  | reduls                           | 88     | 843     |
|  467  | tanutarou                        | 88     | 404     |
|  468  | cpi_abu                          | 88     | 123     |
|  469  | como314                          | 88     | 27      |
|  470  | skycholy                         | 87     | 3050    |
|  471  | ozy4dm                           | 87     | 2911    |
|  472  | akihito123                       | 87     | 2650    |
|  473  | newtomn                          | 87     | 2393    |
|  474  | Hiroshi_Murata                   | 87     | 2368    |
|  475  | y3eadgbe                         | 87     | 2337    |
|  476  | nobu                             | 87     | 1452    |
|  477  | binbo-himanasi                   | 87     | 1123    |
|  478  | hatoo                            | 87     | 1095    |
|  479  | roiti46                          | 87     | 1016    |
|  480  | belltailjp                       | 87     | 673     |
|  481  | yinamori                         | 87     | 671     |
|  482  | omochi                           | 87     | 637     |
|  483  | uhouho_gorilla                   | 87     | 635     |
|  484  | angel-p57                        | 87     | 624     |
|  485  | outerinside                      | 87     | 456     |
|  486  | ydash                            | 87     | 411     |
|  487  | sweetberry                       | 87     | 98      |
|  488  | deco114                          | 86     | 3804    |
|  489  | RuikoSaten                       | 86     | 2564    |
|  490  | siawasesun                       | 86     | 2069    |
|  491  | nmas                             | 86     | 2055    |
|  492  | hirotakaohkubo1                  | 86     | 1151    |
|  493  | BLUEPIXY                         | 86     | 781     |
|  494  | unnamed1030                      | 86     | 703     |
|  495  | keizo2                           | 86     | 440     |
|  496  | mk3ura                           | 86     | 270     |
|  497  | Takax2                           | 85     | 3449    |
|  498  | tarya                            | 85     | 2930    |
|  499  | yin-yang.alchemist               | 85     | 2821    |
|  500  | matsu911                         | 85     | 2230    |
|  501  | misonikomineko                   | 85     | 2189    |
|  502  | YoshikiIto                       | 85     | 2139    |
|  503  | xarsh                            | 85     | 1836    |
|  504  | erunaven                         | 85     | 1306    |
|  505  | pepepyon                         | 85     | 1051    |
|  506  | ability_potion                   | 85     | 485     |
|  507  | mtsuyugu                         | 85     | 384     |
|  508  | moratori                         | 85     | 74      |
|  509  | laynts                           | 84     | 2489    |
|  510  | YuukiARIA                        | 84     | 2172    |
|  511  | t-matsubara                      | 84     | 2107    |
|  512  | tsurushuu                        | 84     | 2019    |
|  513  | Akeru                            | 84     | 1957    |
|  514  | jahshaka                         | 84     | 1540    |
|  515  | mthrok                           | 84     | 1320    |
|  516  | cof                              | 84     | 936     |
|  517  | mameo86                          | 84     | 791     |
|  518  | Suichi                           | 84     | 521     |
|  519  | (tomiono)                        | 84     | 280     |
|  520  | (mb01)                           | 84     | 1       |
|  521  | tadokoro                         | 83     | 3640    |
|  522  | gushwell                         | 83     | 2938    |
|  523  | toriaezu                         | 83     | 2498    |
|  524  | kaorimatz                        | 83     | 2481    |
|  525  | hagure_beans                     | 83     | 1830    |
|  526  | sagerin                          | 83     | 217     |
|  527  | ignorabimus                      | 83     | 155     |
|  528  | notogawa                         | 82     | 3695    |
|  529  | k3_kaimu                         | 82     | 2338    |
|  530  | kazuya030                        | 82     | 2089    |
|  531  | HOYOHOYO000                      | 82     | 2033    |
|  532  | kengpong                         | 82     | 1617    |
|  533  | hurou                            | 82     | 1605    |
|  534  | kijitoragoro                     | 82     | 1428    |
|  535  | selios                           | 82     | 1365    |
|  536  | tatsy                            | 82     | 1243    |
|  537  | zawawahoge                       | 82     | 878     |
|  538  | nishima                          | 82     | 736     |
|  539  | suihan                           | 82     | 557     |
|  540  | hamukichi                        | 82     | 263     |
|  541  | kerlon                           | 82     | 175     |
|  542  | Kai                              | 81     | 3780    |
|  543  | gigo891                          | 81     | 2762    |
|  544  | ds14050                          | 81     | 2375    |
|  545  | (XaroCydeykn)                    | 81     | 1748    |
|  546  | mystery                          | 81     | 1633    |
|  547  | OKEI                             | 81     | 1336    |
|  548  | tatt61880                        | 81     | 638     |
|  549  | kt3k                             | 80     | 3495    |
|  550  | miyaryu                          | 80     | 3401    |
|  551  | nanikaka                         | 80     | 2100    |
|  552  | ALuneedis                        | 80     | 1762    |
|  553  | occho                            | 80     | 1548    |
|  554  | blue0620                         | 80     | 1382    |
|  555  | aomoriringo                      | 80     | 1283    |
|  556  | TsudaKageyu                      | 80     | 1219    |
|  557  | aihara_enju                      | 80     | 603     |
|  558  | (thelettera)                     | 80     | 303     |
|  559  | Tomonacci                        | 80     | 303     |
|  560  | casquette34                      | 80     | 134     |
|  561  | dqmaniac                         | 80     | 0       |
|  562  | qchikara                         | 79     | 2760    |
|  563  | Shaddan                          | 79     | 2381    |
|  564  | yone64                           | 79     | 2097    |
|  565  | tkych                            | 79     | 1906    |
|  566  | Soeno                            | 79     | 1642    |
|  567  | (lrmystp)                        | 79     | 1625    |
|  568  | aomoriringocpp                   | 79     | 1286    |
|  569  | rutas123                         | 79     | 1203    |
|  570  | manicmaniac                      | 79     | 1194    |
|  571  | tsukagashira                     | 79     | 552     |
|  572  | specular                         | 79     | 454     |
|  573  | fkyou                            | 78     | 3484    |
|  574  | ww74epm                          | 78     | 2858    |
|  575  | y_tag                            | 78     | 2641    |
|  576  | pied                             | 78     | 2332    |
|  577  | kouhei.e                         | 78     | 2018    |
|  578  | Christie                         | 78     | 1417    |
|  579  | evima                            | 78     | 1355    |
|  580  | mk1988                           | 78     | 1237    |
|  581  | dolpen                           | 78     | 1182    |
|  582  | (Koizumi_Kyoko)                  | 78     | 577     |
|  583  | hyusuk                           | 78     | 544     |
|  584  | 001229                           | 78     | 443     |
|  585  | tkkyn                            | 78     | 395     |
|  586  | kichi941                         | 78     | 187     |
|  587  | june1                            | 77     | 3826    |
|  588  | OBK                              | 77     | 3547    |
|  589  | J.Silence                        | 77     | 3501    |
|  590  | kinodjnz                         | 77     | 2451    |
|  591  | (nakanoj)                        | 77     | 2395    |
|  592  | ya_nanba                         | 77     | 2048    |
|  593  | fumono                           | 77     | 1997    |
|  594  | utenmiki                         | 77     | 1936    |
|  595  | Bell                             | 77     | 1643    |
|  596  | e-cube                           | 77     | 1641    |
|  597  | siun                             | 77     | 1459    |
|  598  | ud0n                             | 77     | 1382    |
|  599  | orobas                           | 77     | 1359    |
|  600  | shimisho                         | 77     | 1237    |
|  601  | snowfall                         | 77     | 1234    |
|  602  | hebiyan                          | 77     | 1138    |
|  603  | Awata                            | 77     | 855     |
|  604  | K_Cheat1992                      | 77     | 801     |
|  605  | tar701                           | 77     | 773     |
|  606  | himajin                          | 77     | 478     |
|  607  | xeno1991                         | 77     | 177     |
|  608  | muchance                         | 77     | 128     |
|  609  | sonoday                          | 76     | 3446    |
|  610  | ori                              | 76     | 3030    |
|  611  | boincneet                        | 76     | 2515    |
|  612  | mstrange                         | 76     | 2330    |
|  613  | OcoToOo                          | 76     | 2296    |
|  614  | snak                             | 76     | 2255    |
|  615  | suyama                           | 76     | 1979    |
|  616  | chunglak                         | 76     | 1661    |
|  617  | GengenGen                        | 76     | 1454    |
|  618  | t-egawa                          | 76     | 1389    |
|  619  | mihonobu                         | 76     | 1154    |
|  620  | matsu7874                        | 76     | 1121    |
|  621  | aflc                             | 76     | 1119    |
|  622  | takuti                           | 76     | 1045    |
|  623  | (tks2600)                        | 76     | 693     |
|  624  | jkotani                          | 76     | 560     |
|  625  | Ipp                              | 76     | 554     |
|  626  | paruki                           | 76     | 142     |
|  627  | B5-ha                            | 76     | 18      |
|  628  | gunn                             | 75     | 3312    |
|  629  | you_ssk                          | 75     | 2789    |
|  630  | nob                              | 75     | 2782    |
|  631  | risuo                            | 75     | 2476    |
|  632  | logicmachine                     | 75     | 2383    |
|  633  | ishibashi                        | 75     | 2184    |
|  634  | (A-gen.d)                        | 75     | 2159    |
|  635  | _Horiki                          | 75     | 1872    |
|  636  | disco_hospital                   | 75     | 1826    |
|  637  | xragn                            | 75     | 1770    |
|  638  | tetutaro                         | 75     | 1675    |
|  639  | giru0116                         | 75     | 1636    |
|  640  | showmeear                        | 75     | 1452    |
|  641  | ponkotuy                         | 75     | 976     |
|  642  | hrk64                            | 75     | 889     |
|  643  | ryukau                           | 75     | 696     |
|  644  | obelisk1968                      | 75     | 695     |
|  645  | (lutheta)                        | 75     | 411     |
|  646  | yuzuponikemi                     | 75     | 112     |
|  647  | yabu                             | 74     | 2275    |
|  648  | hakomo                           | 74     | 2177    |
|  649  | OFNIR3                           | 74     | 408     |
|  650  | Haaryou                          | 74     | 237     |
|  651  | falke727                         | 74     | 224     |
|  652  | C.Miyata                         | 74     | 186     |
|  653  | matttttu                         | 74     | 10      |
|  654  | isr                              | 73     | 3807    |
|  655  | boxnos                           | 73     | 3737    |
|  656  | Guest                            | 73     | 3121    |
|  657  | ainsophyao                       | 73     | 3064    |
|  658  | ultrasasa2002                    | 73     | 2741    |
|  659  | ymchn                            | 73     | 2422    |
|  660  | hiromichiroh                     | 73     | 2185    |
|  661  | odiak                            | 73     | 1914    |
|  662  | rima                             | 73     | 1813    |
|  663  | ii_is_in                         | 73     | 1316    |
|  664  | kuroyan                          | 73     | 577     |
|  665  | scranble                         | 73     | 107     |
|  666  | T.Kawazoe                        | 72     | 2622    |
|  667  | vivivich                         | 72     | 2575    |
|  668  | tarui                            | 72     | 2363    |
|  669  | Machan                           | 72     | 2225    |
|  670  | has207                           | 72     | 1933    |
|  671  | zwaarty                          | 72     | 1147    |
|  672  | kanotown                         | 72     | 1078    |
|  673  | dorao1984                        | 72     | 411     |
|  674  | (hm64)                           | 72     | 303     |
|  675  | dr.ken                           | 72     | 301     |
|  676  | tsujikawa                        | 71     | 3343    |
|  677  | koyomi                           | 71     | 3050    |
|  678  | (fdumont)                        | 71     | 2917    |
|  679  | Respect2D                        | 71     | 2768    |
|  680  | acele                            | 71     | 2293    |
|  681  | gusmachine                       | 71     | 2188    |
|  682  | xr0038                           | 71     | 2052    |
|  683  | (KagawaEnji)                     | 71     | 1915    |
|  684  | hippos                           | 71     | 1806    |
|  685  | (hhd00062)                       | 71     | 1747    |
|  686  | kazua                            | 71     | 1729    |
|  687  | masaya                           | 71     | 1538    |
|  688  | the.little.schemer               | 71     | 1305    |
|  689  | yuto                             | 71     | 806     |
|  690  | saharan                          | 71     | 663     |
|  691  | kimihiro.T                       | 71     | 595     |
|  692  | TeamCraftworks                   | 71     | 594     |
|  693  | maoyam                           | 71     | 562     |
|  694  | nekonome2016                     | 71     | 537     |
|  695  | vabuff                           | 71     | 342     |
|  696  | kounoike                         | 70     | 3819    |
|  697  | maehara                          | 70     | 3707    |
|  698  | chobie                           | 70     | 3141    |
|  699  | PetitTK                          | 70     | 2913    |
|  700  | ibabangida                       | 70     | 2638    |
|  701  | xzyanagi                         | 70     | 2104    |
|  702  | noecho                           | 70     | 1996    |
|  703  | zaneli                           | 70     | 1257    |
|  704  | acele14                          | 70     | 1101    |
|  705  | skokado                          | 70     | 795     |
|  706  | (dfurusaka)                      | 70     | 480     |
|  707  | satanic0258                      | 70     | 336     |
|  708  | maple0705                        | 70     | 334     |
|  709  | mctibbs                          | 70     | 73      |
|  710  | mint                             | 69     | 3687    |
|  711  | sengoku_fortran                  | 69     | 3132    |
|  712  | hikaru                           | 69     | 2744    |
|  713  | Y.Kimi                           | 69     | 2110    |
|  714  | sta_k                            | 69     | 2050    |
|  715  | kohyama                          | 69     | 2038    |
|  716  | T.M.                             | 69     | 1939    |
|  717  | ami_GS                           | 69     | 1552    |
|  718  | hkimura                          | 69     | 1447    |
|  719  | mochitaro                        | 69     | 1408    |
|  720  | egisatoshi                       | 69     | 1129    |
|  721  | elysion_halcyon                  | 69     | 970     |
|  722  | komorin95                        | 69     | 740     |
|  723  | fermikami                        | 69     | 583     |
|  724  | yutakat                          | 69     | 559     |
|  725  | penoken                          | 69     | 45      |
|  726  | htkb                             | 69     | 6       |
|  727  | tzik                             | 68     | 3541    |
|  728  | nitoyon                          | 68     | 3034    |
|  729  | ultraist                         | 68     | 2921    |
|  730  | idojun                           | 68     | 2894    |
|  731  | tarai                            | 68     | 2629    |
|  732  | ablasdel                         | 68     | 2441    |
|  733  | mythosil                         | 68     | 2435    |
|  734  | yudetamago                       | 68     | 2413    |
|  735  | myokoym                          | 68     | 1855    |
|  736  | k_coffee                         | 68     | 1629    |
|  737  | junonon                          | 68     | 1604    |
|  738  | shimomire                        | 68     | 1597    |
|  739  | pri_light                        | 68     | 1447    |
|  740  | stsiwi                           | 68     | 1184    |
|  741  | ponyopoppo                       | 68     | 1169    |
|  742  | Satoshi                          | 68     | 416     |
|  743  | orphen                           | 68     | 135     |
|  744  | parasporospa                     | 67     | 3665    |
|  745  | tabehodai                        | 67     | 3376    |
|  746  | Naksy                            | 67     | 2923    |
|  747  | kisa12012                        | 67     | 2668    |
|  748  | stockedge                        | 67     | 2507    |
|  749  | ymotongpoo                       | 67     | 2504    |
|  750  | daigo                            | 67     | 2450    |
|  751  | YuhSylphy                        | 67     | 2397    |
|  752  | Aither                           | 67     | 2054    |
|  753  | shudaisho                        | 67     | 1255    |
|  754  | Sumariyan                        | 67     | 1203    |
|  755  | jotakami                         | 67     | 1098    |
|  756  | colts7                           | 67     | 1050    |
|  757  | mob_a                            | 67     | 931     |
|  758  | nullzine                         | 67     | 902     |
|  759  | goroeuler                        | 67     | 592     |
|  760  | memaizaka                        | 67     | 505     |
|  761  | glass5er                         | 67     | 502     |
|  762  | okamotoy                         | 67     | 112     |
|  763  | taro322                          | 66     | 3627    |
|  764  | k.takechu                        | 66     | 2911    |
|  765  | mimik                            | 66     | 2828    |
|  766  | mocknen                          | 66     | 2701    |
|  767  | shoozhoo                         | 66     | 2638    |
|  768  | ultraistter                      | 66     | 2463    |
|  769  | fuqinho                          | 66     | 2441    |
|  770  | aldente                          | 66     | 2417    |
|  771  | rkworks                          | 66     | 2372    |
|  772  | te2ro                            | 66     | 2324    |
|  773  | bbbruce                          | 66     | 2156    |
|  774  | thinca                           | 66     | 2141    |
|  775  | EmK                              | 66     | 1976    |
|  776  | ishikado                         | 66     | 1636    |
|  777  | ravy                             | 66     | 1590    |
|  778  | makkuma                          | 66     | 1550    |
|  779  | tak0kada                         | 66     | 1528    |
|  780  | mintyhead                        | 66     | 1409    |
|  781  | tsubu                            | 66     | 1321    |
|  782  | stst                             | 66     | 1211    |
|  783  | tubo28                           | 66     | 1009    |
|  784  | momo2ro                          | 66     | 976     |
|  785  | nasa9084                         | 66     | 909     |
|  786  | flatty.lucas                     | 66     | 723     |
|  787  | HiroN                            | 66     | 533     |
|  788  | pu2x                             | 66     | 339     |
|  789  | nis9036                          | 66     | 303     |
|  790  | utatti                           | 66     | 164     |
|  791  | yuki_neko                        | 65     | 3544    |
|  792  | tonkuma                          | 65     | 3434    |
|  793  | jljs                             | 65     | 3407    |
|  794  | kusano                           | 65     | 3004    |
|  795  | pes                              | 65     | 2998    |
|  796  | mohayonao                        | 65     | 2863    |
|  797  | toocheap                         | 65     | 2677    |
|  798  | newspoverty                      | 65     | 2460    |
|  799  | whitebell                        | 65     | 2147    |
|  800  | Lepton_s                         | 65     | 1970    |
|  801  | myanya                           | 65     | 1904    |
|  802  | tofu2t                           | 65     | 1686    |
|  803  | KitagawaTakashi1973              | 65     | 1675    |
|  804  | iseeku                           | 65     | 1405    |
|  805  | saltcandy123                     | 65     | 1386    |
|  806  | jabu0116                         | 65     | 1210    |
|  807  | alnicomag                        | 65     | 1079    |
|  808  | ishikura                         | 65     | 1028    |
|  809  | itoik                            | 65     | 967     |
|  810  | ayachi                           | 65     | 790     |
|  811  | (AngelRaposo)                    | 65     | 762     |
|  812  | takazzo                          | 65     | 581     |
|  813  | hnakai0909                       | 65     | 560     |
|  814  | sasa2718                         | 65     | 405     |
|  815  | kiriyama                         | 65     | 373     |
|  816  | ysenoh                           | 65     | 294     |
|  817  | erya                             | 64     | 3717    |
|  818  | kikaineko                        | 64     | 3407    |
|  819  | kawamoto                         | 64     | 2754    |
|  820  | yibe                             | 64     | 2647    |
|  821  | kodec                            | 64     | 2641    |
|  822  | crycrywtr                        | 64     | 2415    |
|  823  | nijiiroapple                     | 64     | 2153    |
|  824  | AnadaPunch                       | 64     | 2061    |
|  825  | yasuhiro                         | 64     | 1840    |
|  826  | soldiergame                      | 64     | 1546    |
|  827  | atiti                            | 64     | 1525    |
|  828  | (Vranometria)                    | 64     | 1289    |
|  829  | wrap                             | 64     | 1043    |
|  830  | (jyohol01)                       | 64     | 678     |
|  831  | synnomy                          | 64     | 604     |
|  832  | okometsuvu                       | 64     | 381     |
|  833  | Seki                             | 64     | 143     |
|  834  | yoggy                            | 63     | 3390    |
|  835  | yassai                           | 63     | 3330    |
|  836  | tachino                          | 63     | 3230    |
|  837  | satoshi.O                        | 63     | 2741    |
|  838  | kkt                              | 63     | 2601    |
|  839  | MitI_7                           | 63     | 2333    |
|  840  | tozangezan                       | 63     | 2294    |
|  841  | (triadsou)                       | 63     | 1753    |
|  842  | tanakh                           | 63     | 1698    |
|  843  | manjilab                         | 63     | 1641    |
|  844  | marony                           | 63     | 1586    |
|  845  | hirokazu1020                     | 63     | 1460    |
|  846  | atiqu                            | 63     | 1280    |
|  847  | yanaged                          | 63     | 1250    |
|  848  | udon                             | 63     | 1059    |
|  849  | i.toru                           | 63     | 849     |
|  850  | htz                              | 63     | 809     |
|  851  | mogumogu                         | 63     | 800     |
|  852  | Lin1120                          | 63     | 734     |
|  853  | (socket478i)                     | 63     | 714     |
|  854  | n15001                           | 63     | 605     |
|  855  | MogwaiLove                       | 63     | 362     |
|  856  | Harutoverve                      | 63     | 359     |
|  857  | reochan                          | 63     | 258     |
|  858  | o2ka                             | 63     | 94      |
|  859  | feo                              | 62     | 3571    |
|  860  | kiyoshi                          | 62     | 3357    |
|  861  | sainte                           | 62     | 3215    |
|  862  | teto                             | 62     | 2543    |
|  863  | PXF01515                         | 62     | 2538    |
|  864  | atetubou                         | 62     | 2363    |
|  865  | nekomimi                         | 62     | 2340    |
|  866  | z_r4                             | 62     | 2025    |
|  867  | ssirai                           | 62     | 1656    |
|  868  | notani                           | 62     | 1644    |
|  869  | massa                            | 62     | 749     |
|  870  | Eutbhby                          | 62     | 746     |
|  871  | m-kishi                          | 62     | 400     |
|  872  | (ynagataorg)                     | 62     | 306     |
|  873  | kibara                           | 62     | 241     |
|  874  | (tadano)                         | 62     | 202     |
|  875  | komei                            | 62     | 130     |
|  876  | paruki-                          | 62     | 0       |
|  877  | yomichi                          | 61     | 3343    |
|  878  | hamahiro                         | 61     | 3191    |
|  879  | Noppi                            | 61     | 2968    |
|  880  | ytaku                            | 61     | 2636    |
|  881  | tdelter                          | 61     | 2477    |
|  882  | tokyopuzzle                      | 61     | 2395    |
|  883  | hidetakak                        | 61     | 2093    |
|  884  | zugehen                          | 61     | 2068    |
|  885  | umjammer                         | 61     | 1982    |
|  886  | S_NAKAMURA                       | 61     | 1906    |
|  887  | arumika                          | 61     | 1834    |
|  888  | konsome                          | 61     | 1734    |
|  889  | akky                             | 61     | 1726    |
|  890  | kansyo                           | 61     | 1581    |
|  891  | MasayaTojo                       | 61     | 1324    |
|  892  | ria_rai                          | 61     | 1249    |
|  893  | tokamoto6676                     | 61     | 1019    |
|  894  | fuse.jp                          | 61     | 852     |
|  895  | ponyo877                         | 61     | 785     |
|  896  | taiyaki2gou                      | 61     | 646     |
|  897  | Kraus1049                        | 61     | 619     |
|  898  | tatcho417                        | 61     | 586     |
|  899  | fascinating0                     | 61     | 395     |
|  900  | ayachigin                        | 61     | 294     |
|  901  | makopin                          | 60     | 4035    |
|  902  | jufukuka                         | 60     | 3728    |
|  903  | T2                               | 60     | 3682    |
|  904  | yukimori                         | 60     | 3441    |
|  905  | n_bear83                         | 60     | 3162    |
|  906  | cvcvcv                           | 60     | 3121    |
|  907  | hiroyuki.gohara                  | 60     | 3063    |
|  908  | wzen                             | 60     | 3007    |
|  909  | hdhsakym                         | 60     | 2757    |
|  910  | obake                            | 60     | 2691    |
|  911  | tonichopper                      | 60     | 2679    |
|  912  | kenzy66                          | 60     | 2480    |
|  913  | farvel                           | 60     | 2401    |
|  914  | yus_uke                          | 60     | 2338    |
|  915  | zk_phi                           | 60     | 2337    |
|  916  | anomaro                          | 60     | 2303    |
|  917  | karakuri777                      | 60     | 2212    |
|  918  | snowclust                        | 60     | 2123    |
|  919  | pasta                            | 60     | 2060    |
|  920  | Juni                             | 60     | 2026    |
|  921  | inazz                            | 60     | 1860    |
|  922  | mattatz                          | 60     | 1773    |
|  923  | hiro.mihara                      | 60     | 1694    |
|  924  | lassie                           | 60     | 1626    |
|  925  | yichikawa                        | 60     | 1538    |
|  926  | bontakun                         | 60     | 1426    |
|  927  | sschwalski                       | 60     | 1388    |
|  928  | ninihuang                        | 60     | 1299    |
|  929  | hiking                           | 60     | 1201    |
|  930  | asashouryu                       | 60     | 1190    |
|  931  | ar90n                            | 60     | 860     |
|  932  | mamewo                           | 60     | 688     |
|  933  | kougetsuin                       | 60     | 602     |
|  934  | tashilost                        | 60     | 583     |
|  935  | Matsuda_Seiko                    | 60     | 578     |
|  936  | kagiri                           | 60     | 564     |
|  937  | Sampei                           | 60     | 535     |
|  938  | Shine16                          | 60     | 330     |
|  939  | como3                            | 60     | 41      |
|  940  | robohei                          | 59     | 4060    |
|  941  | kyorecoba                        | 59     | 3342    |
|  942  | uehara_delta                     | 59     | 3239    |
|  943  | fkd                              | 59     | 3066    |
|  944  | j.apl.j                          | 59     | 2665    |
|  945  | tsuwabuki                        | 59     | 2624    |
|  946  | mizba                            | 59     | 2609    |
|  947  | dekosuke                         | 59     | 2479    |
|  948  | tatsuya                          | 59     | 2401    |
|  949  | zai                              | 59     | 2384    |
|  950  | ryota                            | 59     | 2283    |
|  951  | ibisyu                           | 59     | 2198    |
|  952  | (tama.eguchi)                    | 59     | 2193    |
|  953  | g000001                          | 59     | 2047    |
|  954  | may-                             | 59     | 2011    |
|  955  | papix                            | 59     | 1841    |
|  956  | smoopy                           | 59     | 1801    |
|  957  | ShotaYoko                        | 59     | 1675    |
|  958  | oden41                           | 59     | 1638    |
|  959  | assy                             | 59     | 1627    |
|  960  | logical.soul                     | 59     | 1437    |
|  961  | ichikawa                         | 59     | 1385    |
|  962  | rfort                            | 59     | 1370    |
|  963  | (shibacho)                       | 59     | 1185    |
|  964  | morimoto                         | 59     | 1094    |
|  965  | yuyak                            | 59     | 971     |
|  966  | filriya                          | 59     | 814     |
|  967  | fuzuki                           | 59     | 791     |
|  968  | hephoz                           | 59     | 739     |
|  969  | parasporospa2                    | 59     | 542     |
|  970  | zchama                           | 59     | 317     |
|  971  | ittanmoment                      | 59     | 96      |
|  972  | future731                        | 59     | 94      |
|  973  | azakaz                           | 59     | 7       |
|  974  | kaze_tanuki                      | 58     | 3273    |
|  975  | hueyama                          | 58     | 2728    |
|  976  | kj                               | 58     | 2670    |
|  977  | blu_ray                          | 58     | 2440    |
|  978  | naoki                            | 58     | 2420    |
|  979  | caffein                          | 58     | 2420    |
|  980  | zakiyama                         | 58     | 2419    |
|  981  | Tsukemen                         | 58     | 2403    |
|  982  | woodbook                         | 58     | 2337    |
|  983  | nisshiee                         | 58     | 2091    |
|  984  | yusuketsuiki                     | 58     | 2005    |
|  985  | (43iscoding)                     | 58     | 1989    |
|  986  | acevif                           | 58     | 1834    |
|  987  | masaru                           | 58     | 1833    |
|  988  | Moeminorin                       | 58     | 1621    |
|  989  | hiromichi-s                      | 58     | 1544    |
|  990  | Ymysr                            | 58     | 1382    |
|  991  | kuuso1                           | 58     | 1325    |
|  992  | anz24                            | 58     | 1177    |
|  993  | keisukefukuda                    | 58     | 1175    |
|  994  | cambium                          | 58     | 976     |
|  995  | y20PgaMGod1CX4UT                 | 58     | 860     |
|  996  | kumasan.com                      | 58     | 804     |
|  997  | n16012                           | 58     | 576     |
|  998  | java-beginner                    | 58     | 522     |
|  999  | furimako                         | 58     | 510     |
|  1000 | narita_old                       | 58     | 476     |
|-------+----------------------------------+--------+---------|
